,difficulty,titles,sci_info,eng_lang,syl_per_word,ws_per_sents,not_easy_words,avg_wd_length,polysyls,monosyls,modals_per_sent,adj,verb,adp,adv,sconj,cconj,aux,det,avg_verb_length,avg_adj_length,avg_adv_length,flesch_score,ari_score,dale_score,smog,gunning_fog,cli,linsear_raw,linsear
0,1,b002_LittleBear.txt,0,1,1.1700680270000001,7.736842105,0.0,3.80952381,0.006802720999999999,0.8367346940000001,0.228070175,0.36842105299999994,1.403508772,0.350877193,0.473684211,0.087719298,0.298245614,0.526315789,0.578947368,4.1625,4.333333333,3.666666667,99.99435016,21.8112782,0.383747368408,3.08247861,3.094736842,2.77414966,7.842105263,2.921052632
1,1,b003_AreYouMyMother.txt,0,1,1.120649652,5.6233766229999995,0.041570439,3.330254042,0.0,0.879350348,0.116883117,0.051948052,0.805194805,0.28571428600000004,0.40259740299999996,0.012987013,0.14285714300000002,0.61038961,0.961038961,4.306451613,3.25,3.870967742,106.3203122,18.49718485,0.9353167123107999,3.0,2.265978825,-1.481847575,5.6233766229999995,1.8116883119999998
2,1,b004_GreenEggsAndHam.txt,0,1,1.010012516,5.278911565,0.039948454,3.0979381439999996,0.0,0.989987484,0.006802720999999999,0.081632653,1.306122449,0.43537415,0.7414965990000001,0.0,0.231292517,0.0,0.44897959200000004,3.536458333,4.833333333,3.23853211,116.0298459,17.23074444,0.8926201022840001,3.0,2.127544007,-3.1913402060000005,5.278911565,1.639455782
3,1,b005_Putmeinthezoo.txt,0,1,1.015873016,5.04,0.031746032,3.0555555560000003,0.0,0.9841269840000001,0.32,0.16,1.08,0.28,0.56,0.0,0.04,0.52,0.44,3.814814815,4.5,3.214285714,115.7765429,16.91166667,0.75125384528,3.0,2.0286984130000003,-3.706349206,5.04,1.52
4,1,b006_FrogAndToadTogether.txt,0,1,1.1030818279999999,7.294573643,0.013283741000000002,3.8049946869999998,0.006907545,0.903825717,0.158914729,0.387596899,1.5310077519999998,0.596899225,0.46899224799999994,0.08527131800000001,0.251937984,0.410852713,0.852713178,4.592405063,4.76,4.140495868,106.1102851,21.568811800000002,0.5715611230827999,3.083111643,2.923142954,2.5155579169999998,7.395348837,2.6976744189999997
5,1,b007_OwlAtHome.txt,0,1,1.127744511,7.437810945,0.012040134,3.795986622,0.006020067,0.8782435129999999,0.139303483,0.42288557200000004,1.2537313429999999,0.711442786,0.651741294,0.11442786099999999,0.253731343,0.527363184,0.960199005,4.805555556,4.6,4.664122137,103.8784363,21.59800246,0.559029138732,3.07758909,2.979940432,2.540735786,7.5273631839999995,2.7636815919999997
6,1,b008_HiFlyGuy.txt,0,1,1.158536585,6.076923077000001,0.06329113900000001,4.088607595,0.0,0.841463415,0.0,0.538461538,1.230769231,0.384615385,0.0,0.0,0.076923077,0.46153846200000004,1.0,5.0625,5.571428571,0.0,102.654728,22.29580331,1.3007824694292003,3.0,2.4560856859999998,3.3701265819999997,6.076923077000001,2.038461538
7,1,b009_ATreeIsaPlant.txt,1,0,1.137214137,7.272727272999999,0.0125,3.897916667,0.004166667,0.869022869,0.075757576,0.34848484799999996,1.0,0.833333333,0.212121212,0.090909091,0.166666667,0.484848485,1.454545455,4.5606060610000005,4.52173913,3.928571429,103.2448658,21.99555114,0.5581022727408,3.0645497219999998,2.9140909089999996,3.04975,7.333333333,2.666666667
8,1,b010_MyFiveSenses.txt,1,0,1.129032258,8.378378377999999,0.022580645,3.35483871,0.012903226,0.883870968,0.135135135,0.243243243,1.648648649,0.567567568,0.486486486,0.054054054000000004,0.37837837799999996,0.513513514,1.1891891890000001,4.180327869,5.333333333,5.055555556,102.81481690000001,19.99047951,0.7721159520987999,3.113592367,3.360383609,0.39354838700000006,8.594594595,3.297297297
9,1,b011_Starfish.txt,1,0,1.085294118,6.8,0.108823529,3.85,0.011764706000000002,0.9264705879999999,0.04,0.54,0.86,0.62,0.36,0.08,0.32,0.42,1.24,4.279069767,5.518518519,4.444444444,108.1171176,21.5335,2.0556035229100003,3.1084652289999997,2.763529412,2.485058824,6.96,2.48
11,1,b016_GardenHelpers.txt,1,0,1.138888889,6.545454545,0.055555556,4.25,0.013888889,0.875,0.272727273,0.727272727,1.454545455,0.272727273,0.090909091,0.0,0.181818182,0.181818182,1.363636364,4.3125,5.125,4.0,103.8413636,23.29022727,1.201876774672,3.11785113,2.64040404,4.6677777780000005,6.727272727000001,2.363636364
12,1,b017_WindPower.txt,1,0,1.214285714,5.0,0.028571429,3.8285714289999997,0.042857143,0.8428571429999999,0.28571428600000004,0.071428571,1.142857143,0.35714285700000004,0.35714285700000004,0.0,0.071428571,0.35714285700000004,0.642857143,4.1875,4.0,3.2,99.03142857,20.53257143,0.69914286391,3.207019668,2.0114285709999997,0.792,5.428571429,1.714285714
13,2,b018_MyFathersDragon.txt,0,1,1.21969697,14.14285714,0.04040404,3.7676767680000003,0.037878788,0.8308080809999999,0.321428571,0.571428571,2.857142857,0.8214285709999999,1.214285714,0.214285714,0.857142857,0.8214285709999999,1.964285714,3.95,6.125,4.705882353,89.29363636,24.81718615,1.3394655057440001,3.194624736,5.673304473,4.261010101,15.21428571,6.607142857
14,2,b019_TheFireCat.txt,0,1,1.13556338,8.846153846,0.073043478,3.826086957,0.010434783000000001,0.875,0.184615385,0.307692308,1.692307692,0.876923077,0.323076923,0.061538462,0.246153846,0.446153846,1.338461538,4.490909091,5.05,4.476190476,101.7874919,22.44394649,1.5921257483816,3.1021507839999996,3.56767893,3.351304348,9.030769231,3.515384615
15,2,b020_AmosBoris.txt,0,1,1.228002214,13.19708029,0.117256637,4.080752212,0.041482301,0.819590481,0.270072993,0.839416058,2.153284672,1.357664234,1.255474453,0.262773723,0.576642336,0.649635036,1.620437956,5.355932203,5.27826087,4.622093023,89.55097623,25.81888307,2.5060574806140004,3.203672042,5.325734772,5.951902655,14.291970800000001,6.145985401
16,2,b021_TheTreasure.txt,0,1,1.123188406,12.54545455,0.036231884,3.601449275,0.014492753999999998,0.891304348,0.090909091,0.272727273,1.9090909090000001,1.545454545,0.9090909090000001,0.090909091,0.545454545,0.454545455,2.0,4.523809524,4.666666667,4.3,99.07962451,23.23555336,1.1943559940400001,3.120385853,5.0326745719999995,3.0171014489999997,12.90909091,5.454545455
17,2,b022_TheStoriesJulianTells.txt,0,1,1.120943953,6.5,0.065088757,3.7721893489999996,0.00443787,0.8834808259999999,0.086538462,0.259615385,1.278846154,0.625,0.278846154,0.153846154,0.259615385,0.346153846,1.0,4.7443609019999995,5.148148148,4.448275862,105.4056416,21.01701183,1.3501514730300002,3.0666173389999996,2.626035503,1.8266272190000001,6.557692307999999,2.278846154
18,2,b023_SarahPlainandTall.txt,0,1,1.164559981,8.06820365,0.09572568199999999,3.97142517,0.012858673999999999,0.849391844,0.107588857,0.38808837700000004,1.4447646490000001,0.7848222859999999,0.479346782,0.11431316,0.47550432299999995,0.390009606,0.9481268009999999,5.165558511,4.920792079,4.54509018,100.1239989,22.73951437,1.91169141982,3.113396092,3.2655717330000003,3.8832575310000004,8.275696446,3.137848223
19,2,b024_HenryandMudge.txt,0,1,1.164215686,7.716981132000001,0.11002445,4.075794621,0.009779951,0.845588235,0.11320754699999999,0.396226415,1.5471698109999998,0.613207547,0.613207547,0.09433962300000001,0.490566038,0.216981132,0.679245283,5.0,4.904761905,4.5230769230000005,100.5096171,23.05548323,2.1200483296472004,3.098893635,3.1308022330000003,4.32997555,7.867924528,2.933962264
20,2,b025_TopsandBottoms.txt,0,1,1.149019608,8.976744186,0.03626943,3.9028497410000003,0.019430052,0.870588235,0.093023256,0.27906976699999997,1.5465116280000002,0.848837209,0.523255814,0.11627907,0.627906977,0.29069767399999996,1.3023255809999998,4.541353383,4.208333333,4.288888889,100.5165458,22.87079437,1.0179408113255999,3.1393917210000004,3.6052054460000003,3.85134715,9.325581395,3.6627906980000002
21,2,b026_TheRaft.txt,0,1,1.201853759,11.07428571,0.094427245,3.964912281,0.023219814,0.8233779609999999,0.131428571,0.485714286,1.9314285709999999,1.3085714290000001,0.817142857,0.211428571,0.4,0.44,1.531428571,5.139053253999999,4.835294118,4.5944055939999995,93.91777199,24.2118797,2.040290769766,3.152380492,4.467485184,4.840825593,11.58857143,4.794285714
22,2,b027_PoppletoninWinter.txt,0,1,1.325358852,6.741935484,0.11004784699999999,4.593301435,0.08612440199999999,0.7655502390000001,0.129032258,0.290322581,1.387096774,0.516129032,0.258064516,0.064516129,0.290322581,0.225806452,0.870967742,4.627906977,5.222222222,4.75,87.86657663,25.0054175,2.0720555041364,3.293469593,2.740793332,6.818181817999999,7.903225806,2.951612903
23,2,b028_TheLighthouseFamilyTheStorm.txt,0,1,1.229773463,10.38720539,0.099513776,4.198703404,0.046677472000000005,0.822006472,0.148148148,0.7373737370000001,1.64983165,0.952861953,0.757575758,0.141414141,0.542087542,0.636363636,1.36026936,5.281632653,5.488584475,4.555555556,92.25315158,24.96949572,2.0865279103840004,3.216049697,4.194687665,6.03871637,11.35690236,4.678451178
24,2,b029_TheOneEyed.txt,0,1,1.206467662,9.523809523999999,0.145,4.2775,0.0125,0.8134328359999999,0.11904761900000001,0.5476190479999999,1.476190476,1.071428571,0.333333333,0.214285714,0.23809523800000001,0.523809524,1.5,5.516129032,5.739130435,5.642857143,95.10116915,24.90892976,2.7619309523904,3.111803399,3.86752381,6.2437,9.761904762,3.880952381
25,2,b030_CowgirlKateandCocoa.txt,0,1,1.15018315,6.348837209,0.117216117,3.7728937730000003,0.010989011000000002,0.8608058609999999,0.046511628,0.209302326,1.023255814,0.348837209,0.48837209299999995,0.046511628,0.139534884,0.395348837,0.953488372,4.454545455,5.666666667,3.857142857,103.0854357,20.94474827,2.1657448129964,3.1048284839999996,2.586421331,1.7223443219999999,6.488372093,2.244186047
26,2,b031_AMedievalFeast.txt,1,0,1.249240122,12.11111111,0.143730887,4.336391437,0.042813456,0.805471125,0.111111111,0.37037037,1.814814815,1.5185185190000001,0.222222222,0.037037037,0.740740741,0.7777777779999999,2.0,6.020408163,3.9,5.333333333,88.85650794,26.47995923,2.870221816786,3.206914126,4.901936799,7.253944954,13.14814815,5.574074073999999
27,2,b032_FromSeedtoPlant.txt,1,0,1.271317829,12.9,0.100775194,4.279069767,0.046511628,0.790697674,0.2,0.5,1.9,1.8,0.3,0.2,0.7,0.2,2.7,4.8947368419999995,5.2,3.333333333,86.18801163,26.6044186,2.23108031326,3.2156655460000003,5.200310078,7.066356589,14.1,6.05
28,2,b033_BatsCreaturesoftheNight.txt,1,0,1.108843537,7.35,0.034013605,3.8367346939999996,0.013605441999999999,0.904761905,0.1,0.6,0.9,0.85,0.35,0.3,0.25,0.7,0.9,4.555555556,5.0,4.1428571430000005,105.5665867,21.74602041,0.9016348229500001,3.1166423689999996,2.9536054419999997,2.732789116,7.55,2.775
29,2,b034_ThrowYourTooth.txt,1,0,1.187943262,9.4,0.056737589000000005,3.9148936169999997,0.028368794,0.84751773,0.166666667,0.533333333,1.4333333330000002,1.1,0.5,0.2,0.36666666700000006,0.166666667,1.7,4.720930233,5.0,4.6,96.794,23.13914894,1.36212653031,3.1684303839999997,3.782695035,4.070638298,9.933333333,3.9666666669999997
30,2,b036_MartinLutherKingandtheMarchonWashington.txt,1,0,1.2684563759999998,9.5,0.111842105,4.0328947369999995,0.032894737,0.7651006709999999,0.0,0.625,0.6875,1.125,0.4375,0.25,0.1875,1.125,1.0,5.454545455,4.3,4.0,89.8810906,23.74493421,2.23718683795,3.181369063,3.844736842,4.797631579,10.125,4.0625
32,2,b039_BoyWereWeWrongAboutDinosaurs.txt,1,0,1.22826087,14.52631579,0.126811594,4.402173913,0.02173913,0.797101449,0.263157895,1.789473684,1.684210526,1.473684211,0.7894736840000001,0.842105263,0.31578947399999996,1.1578947370000001,1.631578947,5.125,5.352941176,4.0,88.17991991,27.99739703,2.722860332444,3.147441956,5.861250953,8.047101449,15.15789474,6.578947368
33,2,b040_BatLovestheNight.txt,1,0,1.231060606,11.39130435,0.12595419800000002,4.332061069,0.011450382,0.78030303,0.17391304300000002,0.608695652,1.913043478,1.3043478259999999,0.869565217,0.304347826,0.260869565,0.304347826,1.565217391,4.818181818,5.428571429,5.05,91.12509881,26.09965981,2.5538254821800006,3.107006456,4.606903419,7.0740458020000005,11.65217391,4.826086957
34,2,b041_MoonshotTheFlightofApollo.txt,1,0,1.221843003,14.35,0.10452961699999999,4.397212543999999,0.020905923,0.7986348120000001,0.1,0.8,1.95,1.5,0.65,0.25,1.1,0.65,1.8,5.461538462,5.0625,3.8461538460000004,88.90183191,27.88587108,2.3622826524300002,3.144588808,5.781811847,7.992891986,14.95,6.475
35,2,b042_WhereDoPolarBearsLive.txt,1,0,1.159851301,9.535714286000001,0.074906367,3.9176029960000003,0.011235955,0.851301115,0.071428571,0.9285714290000001,1.142857143,1.0,0.535714286,0.321428571,0.28571428600000004,0.428571429,1.535714286,4.8125,5.153846154,3.666666667,99.03282993,23.21976726,1.6557429635156002,3.105999788,3.844248261,4.131385768,9.75,3.875
36,3,b043_AlicesAdventuresinWonderland.txt,0,1,1.229181602,14.74929893,0.097345806,4.077610465,0.035097726,0.813153228,0.282669658,0.789680314,2.73247336,1.468311834,1.27201346,0.381379697,0.6320807629999999,0.777341559,2.003365115,4.891009852,5.408380682000001,4.6331569660000005,87.87569805,26.58019476,2.268655503668,3.1873438710000004,5.9386578960000005,6.169474485,15.78463264,6.892316321
37,3,b044_TheSecretGarden.txt,0,1,1.210078931,12.46746204,0.10593425699999999,4.054632449,0.030124899,0.826363332,0.211496746,0.7950108459999999,2.2420204519999998,1.086767896,0.933684537,0.38565230899999997,0.611713666,0.82770375,1.31035017,4.910988252,5.415708438999999,4.759541985,91.80784843,25.33104985,2.291088035214,3.1735652589999996,5.0293585180000004,5.667058721,13.21862411,5.609312055
38,3,b045_TheBlackStallion.txt,0,1,1.242902208,12.8,0.153125,4.253125,0.0375,0.80126183,0.12,0.92,1.68,1.44,1.28,0.16,0.24,0.48,1.84,5.952380952,4.739130435,5.15625,88.69347319,26.43221875,3.05272375,3.193649167,5.18125,6.895875,13.76,5.88
39,3,b046_TheLittlePrince.txt,0,1,1.250177936,10.71747449,0.085867301,4.041059209,0.048021422,0.808956109,0.19897959199999998,0.7238520409999999,1.56122449,0.96747449,0.785076531,0.27040816300000003,0.34502551,0.81377551,1.540816327,5.182598039,5.971806167,4.567831032,90.19171001,24.39212612,1.887431417494,3.219137907,4.321336716,5.199583457,11.74681122,4.873405612
40,3,b047_TuckEverlasting.txt,0,1,1.269972452,15.125,0.096418733,4.349862259,0.016528926,0.746556474,0.083333333,1.4166666669999999,2.541666667,1.7916666669999999,1.6666666669999999,0.125,0.916666667,0.333333333,2.291666667,5.7540983610000005,4.676470588,5.075,84.04345558,28.05035124,2.27265179407,3.128564869,6.088567492999999,7.820165289,15.625,6.8125
41,3,b048_latehtheGoat.txt,0,1,1.154255319,13.42857143,0.074468085,4.0,0.015957447,0.861702128,0.14285714300000002,1.142857143,1.357142857,1.214285714,0.857142857,0.428571429,0.7857142859999999,0.9285714290000001,2.0714285709999998,5.473684211,5.375,4.166666667,95.555,25.55428571,1.8419082050780002,3.126322788,5.401215805,5.515744681,13.85714286,5.928571429
42,3,b049_MCHigginstheGreat.txt,0,1,1.26848249,13.0,0.126923077,4.365384615,0.046153846,0.782101167,0.1,0.95,2.1,1.9,0.4,0.3,0.2,0.6,1.75,5.976190476,5.684210526,5.25,86.32638132,27.06096154,2.64891538583,3.214834462,5.2507692310000005,7.591538462000001,14.2,6.1
43,3,b050_TheBirchbarkHouse.txt,0,1,1.219917012,9.153846154,0.151260504,4.512605042,0.016806723,0.796680498,0.038461537999999997,1.0,1.5769230769999998,0.846153846,0.807692308,0.115384615,0.307692308,0.307692308,1.038461538,5.87804878,5.384615385,4.666666667,94.33886690000001,25.83129282,2.8424341273984,3.129640745,3.7220426630000003,7.500504202,9.461538462,3.730769231
44,3,b051_BudNotBuddy.txt,0,1,1.1815356209999999,13.14707329,0.080439988,3.9001421730000003,0.020839569,0.842538522,0.195769798,0.715445155,2.270290212,1.243236596,0.940727988,0.309640925,0.5253320220000001,0.954254796,1.6069847519999998,4.876503087,5.031969749,4.223267974,93.53280704,24.94320628,1.922242245704,3.1443591669999997,5.291005311,4.881384316,13.69503197,5.847515986
45,3,b052_WheretheMountain.txt,0,1,1.257514389,12.41269841,0.09867860199999999,4.163469736000001,0.039002558,0.787465359,0.227513228,0.706349206,2.060846561,1.156084656,0.772486772,0.261904762,0.47883597899999997,0.605820106,1.814814815,5.193838254,5.258426966,4.640410959,87.85039378,25.81629166,2.173804966716,3.197490652,5.004550806,6.296547315,13.38095238,5.69047619
46,3,b053_DiscoveringMarsTheAmaingStoryoftheRedPlanet.txt,1,0,1.273170732,10.84210526,0.216019417,4.245145631000001,0.031553397999999996,0.7634146340000001,0.447368421,0.921052632,1.368421053,1.315789474,0.473684211,0.078947368,0.236842105,0.552631579,1.684210526,4.615384615,5.371428571,4.444444444,88.12001926,25.41568855,3.948715015326,3.177632762,4.4232498719999995,6.431359222999999,11.52631579,4.763157895
47,3,b055_HurricanesEarthsMightiestStorms.txt,1,0,1.315789474,12.28571429,0.157807309,4.458471761,0.071428571,0.759868421,0.06122449,0.8367346940000001,1.571428571,1.5102040819999998,0.551020408,0.265306122,0.44897959200000004,0.7142857140000001,1.897959184,5.922077922000001,4.87804878,4.740740741000001,83.04921053,27.14225914,3.1011488378939998,3.267261242,4.977408638,8.006511628,14.04081633,6.020408163
48,3,b057_ToysAmaingStories.txt,1,0,1.314666667,13.63636364,0.128,4.2773333330000005,0.07200000000000001,0.782666667,0.254545455,0.690909091,1.672727273,1.854545455,1.2363636359999999,0.30909090899999997,0.527272727,0.9272727270000001,2.072727273,5.47826087,7.026315789,4.779411765,81.77329091,26.96442182,2.6974836365440003,3.268328157,5.505745455,7.180053332999999,15.6,6.8
49,3,b058_GoodPetBadPet.txt,1,0,1.161849711,11.46666667,0.034883721,3.7209302330000003,0.029069767000000003,0.8843930640000001,0.533333333,0.6,2.333333333,1.2,0.933333333,0.066666667,0.7333333329999999,0.666666667,1.533333333,4.085714286,5.222222222,3.714285714,96.90384778,23.25891473,1.119560621422,3.170498585,4.600620155,3.497674419,12.13333333,5.066666667
51,3,b060_AboutTime.txt,1,0,1.40969163,15.2,0.19298245600000002,4.820175439,0.083333333,0.68722467,0.133333333,1.133333333,2.8,1.8,0.933333333,0.066666667,0.666666667,0.533333333,1.333333333,5.5,6.470588235,5.5,72.14708811,30.30302632,3.8011129802400005,3.288675135,6.157192982000001,10.59526316,17.73333333,7.8666666670000005
53,3,b062_AHistoryofUS.txt,1,0,1.239043825,13.31578947,0.126482213,4.154150198,0.055335968,0.820717131,0.10526315800000001,1.052631579,1.368421053,1.473684211,0.684210526,0.21052631600000002,0.6315789470000001,1.052631579,1.947368421,4.269230769,4.6,4.769230769,88.49636611,26.22394217,2.6576173009820003,3.2352359839999996,5.376908675,6.403478261,14.78947368,6.394736842
54,3,b063_MyLibrarianIsaCamel.txt,1,0,1.403887689,15.72413793,0.21710526300000002,4.822368421,0.089912281,0.7127429809999999,0.172413793,1.2068965520000001,1.620689655,2.379310345,0.310344828,0.172413793,0.620689655,0.75862069,2.413793103,5.489361702,5.742857142999999,4.8888888889999995,72.10610151,30.57542423,4.208009344098,3.299853766,6.3764972779999995,10.67307018,18.55172414,8.275862069
55,3,b064_Horses.txt,1,0,1.296795953,13.92857143,0.116239316,4.531623932,0.046153846,0.757166948,0.11904761900000001,1.547619048,1.738095238,1.119047619,0.833333333,0.19047619,0.9523809520000001,0.7142857140000001,1.904761905,5.767123288,5.584615385,5.028571428999999,82.98856239,28.30823443,2.5262759425679997,3.214834462,5.617924297999999,8.720820513,15.21428571,6.607142857
56,3,b065_QuestfortheTree.txt,1,0,1.402826855,13.65,0.212454212,4.619047619,0.10989011,0.74204947,0.1,1.4,1.3,1.4,0.75,0.35,0.3,0.65,1.85,4.692307692,5.035714286,4.733333333,74.30109806,28.58071429,4.03169200748,3.331496772,5.544981685,9.191501832,16.65,7.325
57,3,b066_Volcanoes.txt,1,0,1.26146789,11.73684211,0.17937219699999998,4.313901345,0.035874439,0.7752293579999999,0.10526315800000001,1.0,1.5789473680000001,1.263157895,0.7894736840000001,0.15789473699999998,0.31578947399999996,0.7894736840000001,1.4210526319999999,5.6,4.473684211,4.133333333,88.20192178,26.18689639,3.414434359286,3.18940549,4.7664857210000005,7.043766816000001,12.57894737,5.289473684
58,3,b067_WeAretheShip.txt,1,0,1.2340425529999999,13.88235294,0.122881356,4.228813559,0.029661017,0.8,0.294117647,1.0,1.8235294119999998,1.529411765,1.294117647,0.176470588,0.470588235,0.647058824,1.705882353,4.387096774,5.294117647,4.590909091,88.34441176,26.85888833,2.628861317064,3.1722237410000003,5.602093719,6.933220339,14.70588235,6.352941176
59,3,b068_KenyasLongDrySeason.txt,1,0,1.214285714,11.72727273,0.189922481,4.151162791,0.031007752000000003,0.817460317,0.22727272699999998,0.818181818,1.9090909090000001,1.045454545,0.409090909,0.181818182,0.181818182,0.727272727,1.181818182,4.880952381,4.722222222,4.444444444,92.20324675,25.41561311,3.580548702398,3.176090181,4.766878083,6.084806202,12.45454545,5.227272727
60,3,b069_SeeingEyetoEye.txt,1,0,1.242928453,7.947368421,0.114238411,4.264900662,0.046357616,0.805324459,0.144736842,0.486842105,1.328947368,0.8815789470000001,0.552631579,0.092105263,0.328947368,0.25,1.223684211,4.7920792080000005,5.432432432000001,4.595238095,93.61667396,24.06136633,2.1980139833716,3.2153081880000003,3.224642733,5.553112583,8.684210526000001,3.342105263
62,3,b071_UndergroundRailroad.txt,1,0,1.248281131,12.27102804,0.11195735,4.1683168319999995,0.03960396,0.7998472120000001,0.140186916,0.8130841120000001,1.775700935,1.457943925,0.53271028,0.130841121,0.523364486,0.542056075,2.065420561,5.415789473999999,5.816091954,4.701754386,88.77532289,25.7682863,2.376449547284,3.199007438,4.953194155,6.297517136000001,13.24299065,5.621495327000001
63,4,b072_LittleWomen.txt,0,1,1.231715705,16.10209102,0.110915896,4.058666259,0.035444197999999996,0.811004968,0.300123001,1.2349323490000002,2.778597786,1.402214022,1.18696187,0.44280442799999997,0.8979089790000001,1.072570726,1.782287823,5.096060204,5.421314741000001,4.52746114,86.28822897,27.16736359,2.5500257124320003,3.188266296,6.4852027670000005,6.2266870370000005,17.24354244,7.621771217999999
64,4,b073_TheAdventuresofTomSawyer.txt,0,1,1.24869522,12.84432432,0.144768959,4.193249726,0.045955728,0.807969514,0.18378378399999998,0.802162162,2.1027027030000003,1.32972973,0.904864865,0.288648649,0.707027027,0.6962162159999999,1.753513514,5.248329049,5.706199461000001,4.603345281,88.1583952,26.17236837,2.9229803488820005,3.214372871,5.195637313,6.55178857,14.02486486,6.012432432000001
65,4,b074_AWrinkleinTime.txt,0,1,1.24171937,9.246548322999999,0.140251706,4.190379693,0.039569112999999996,0.808232394,0.147928994,0.556213018,1.722879684,0.872781065,0.693293886,0.202169625,0.32642998,0.538461538,1.013806706,4.615340584,5.540780142000001,4.763869132,92.40029477,24.35996251,2.6732032345608006,3.198919865,3.754720012,5.638238055,9.978303748,3.9891518739999996
66,4,b075_TheDarkIsRising.txt,0,1,1.2647058820000001,20.26666667,0.134868421,4.263157895,0.052631579000000005,0.7875816990000001,0.46666666700000003,2.0,3.0,2.5333333330000003,1.6,0.666666667,0.8666666670000001,0.8,2.733333333,5.933333332999999,5.8,5.041666667,79.27021569,30.21280702,3.1347990344219996,3.229415734,8.160614035,7.806842105,22.4,11.2
67,4,b076_Dragonwings.txt,0,1,1.230188679,20.23076923,0.072243346,3.9695817489999996,0.02661597,0.796226415,0.538461538,0.923076923,2.692307692,2.615384615,1.384615385,0.23076923100000002,0.615384615,1.076923077,3.0,5.342857143,4.333333333,4.833333333,82.22680697,28.81211465,2.144168587148,3.163144015,8.121205031,6.078022814,21.30769231,10.65384615
68,4,b077_RollofThunderHearMyCry.txt,0,1,1.247788036,11.79396985,0.123467311,4.191402736000001,0.036784548,0.7984227740000001,0.124511446,0.640982691,2.052484645,1.226689001,0.899497487,0.263539922,0.489112228,0.566722501,1.327191513,5.41702938,5.255226481,4.949099938,89.30125274,25.63849181,2.53452974525,3.1917929810000003,4.766974864,6.335690952999999,12.66164154,5.330820771
69,4,b078_ThePeopleCouldFly.txt,0,1,1.127694859,7.883116883,0.08731466199999999,3.930807249,0.006589785999999999,0.87893864,0.175324675,0.506493506,1.480519481,0.707792208,0.480519481,0.11038961,0.272727273,0.363636364,1.116883117,4.6535087719999995,4.641025641000001,4.0,103.4306513,22.45566058,1.7697011103767997,3.0811774960000005,3.1881726180000003,3.5582866560000004,7.987012987000001,2.9935064939999996
70,4,b079_TheTaleoftheMandarinDucks.txt,0,1,1.241486068,17.94444444,0.133126935,4.102167183,0.043343652999999996,0.808049536,0.166666667,1.0,2.5,1.7222222219999999,1.388888889,0.5555555560000001,0.5555555560000001,1.0,3.111111111,5.666666667,6.777777778,4.68,83.59166753,28.29342965,2.9921187478740006,3.208191386,7.231028552000001,6.67120743,19.5,8.75
71,4,b080_Eleven.txt,0,1,1.16934801,13.42696629,0.035983264,3.937238494,0.020083682,0.8518204909999999,0.146067416,0.7752808990000001,2.2808988759999997,1.0,1.191011236,0.5505617979999999,0.8764044940000001,0.5168539329999999,1.494382022,3.798029557,4.84057971,4.1320754719999995,94.27978755,25.25787645,1.2341532665439998,3.1417169080000003,5.3851798220000004,5.146443515,13.96629213,5.983146067000001
72,4,b081_BlackShipsBeforeTroy.txt,0,1,1.236111111,21.84615385,0.13028169,4.330985915,0.035211268,0.7986111109999999,0.153846154,1.4615384619999998,3.461538462,2.461538462,1.0,0.692307692,1.153846154,0.923076923,3.692307692,5.733333332999999,5.315789474,4.846153846,80.08615385,31.32202059,3.1407171160600003,3.187646656,8.790574215,8.311267606,23.38461538,11.69230769
73,4,b082_LetteronThomasJefferson.txt,1,0,1.4445110980000002,19.98809524,0.227516379,4.500297796,0.12150089300000001,0.7270545890000001,0.380952381,1.226190476,2.452380952,2.3809523809999997,1.083333333,0.535714286,1.071428571,1.273809524,2.4761904759999998,6.150485437,6.504854368999999,4.945054945,64.34144446,31.19045024,4.583893148314,3.3485697830000003,8.086244647000001,9.180869565,24.845238100000003,12.42261905
74,4,b083_NarrativeFrederickDouglass.txt,1,0,1.33192389,19.24489796,0.136797455,4.2513255569999995,0.071049841,0.7632135309999999,0.28571428600000004,1.326530612,2.7346938780000003,2.591836735,1.12244898,0.571428571,0.632653061,1.020408163,2.7755102039999997,5.679104477999999,6.630769231,4.618181818,74.62066747,29.64619235,3.1145787532660005,3.26655176,7.752678166,7.659724284,21.97959184,10.98979592
75,4,b084_BloodToilTearsandSweat.txt,1,0,1.42172524,17.52777778,0.191759113,4.359746434,0.118858954,0.734824281,0.472222222,1.111111111,2.25,2.388888889,0.444444444,0.305555556,0.694444444,1.1944444440000002,2.8055555560000003,5.666666667,6.6,5.375,68.76635028,29.29829459,3.897254172158,3.34475927,7.087814756,8.146561014,21.69444444,10.84722222
76,4,b085_HarrietTubman.txt,1,0,1.305418719,17.08474576,0.14484127,4.5119047619999995,0.053571429000000004,0.7576354679999999,0.101694915,0.898305085,1.86440678,1.983050847,1.0,0.508474576,0.6949152540000001,1.033898305,2.6949152539999996,5.963636364,5.79245283,5.237288136,79.05555941,29.79344431,3.1344470429960003,3.231455025,6.891834812999999,8.997460317,18.91525424,8.457627119
77,4,b086_TravelswithCharley.txt,1,0,1.357274401,14.91666667,0.162011173,4.329608939,0.074487896,0.747697974,0.25,1.222222222,2.055555556,1.4444444440000002,1.0555555559999998,0.333333333,0.75,1.0,2.0,5.432432432000001,6.1136363639999995,4.210526316,76.86916897,27.85079143,3.298023088502,3.272924707,6.031471136,7.6737430170000005,17.13888889,7.569444444
79,4,b088_ANighttoRemember.txt,1,0,1.302825308,16.57792208,0.186055621,4.39208774,0.05444575,0.7604456820000001,0.019480518999999998,1.1038961040000002,1.8766233769999998,1.9610389609999999,1.298701299,0.318181818,0.461038961,0.8441558440000001,2.409090909,6.076124567000001,5.329411765,4.86,79.789388,28.97569429,3.7600831907580003,3.233336131,6.70559108,8.239968664,18.38311688,8.191558442
80,4,b089_AShortWalkthroughthePyramids.txt,1,0,1.295081967,24.9,0.144578313,4.224899598,0.052208835,0.766393443,0.1,2.5,2.7,2.8,1.3,0.4,1.0,2.0,4.1,5.296296296,6.4,3.8461538460000004,71.99756557,32.34927711,3.5179315622700003,3.2284925280000003,10.01783133,7.853654617999999,27.5,13.75
81,4,b090_TheGreatFire.txt,1,0,1.496323529,19.21428571,0.200743494,5.1115241639999995,0.115241636,0.665441176,0.071428571,2.142857143,2.0,1.714285714,1.071428571,0.428571429,1.428571429,1.142857143,2.142857143,6.285714286,5.9,5.8666666670000005,60.74352941,33.68242167,4.122768341476,3.339472585,7.766011682999999,12.71524164,23.64285714,11.82142857
82,4,b091_VincentVanGoghPortraitofanArtist.txt,1,0,1.351449275,19.64285714,0.218181818,4.549090908999999,0.054545455,0.7137681159999999,0.28571428600000004,1.714285714,2.0714285709999998,1.785714286,1.142857143,0.571428571,0.35714285700000004,1.071428571,3.285714286,5.620689655,6.375,5.5625,72.5648913,31.24764675,4.419376620364,3.233549683,7.944415584,9.441745455,21.78571429,10.89285714
83,4,b092_ThisLandWasMadeforYou.txt,1,0,1.224913495,19.06666667,0.083916084,4.293706294,0.041958042,0.816608997,0.133333333,1.266666667,3.8,2.133333333,1.466666667,0.26666666699999997,0.8666666670000001,0.666666667,2.266666667,5.01754386,4.8421052630000005,5.772727272999999,83.85465167,29.75668998,2.2707416331920003,3.2048366230000003,7.660233099999999,7.894545455,20.66666667,10.33333333
84,4,b093_WordsWeLiveBy.txt,1,0,1.4831460669999998,14.31578947,0.224264706,4.867647058999999,0.132352941,0.689138577,0.15789473699999998,0.7894736840000001,1.473684211,1.315789474,0.36842105299999994,0.263157895,0.473684211,0.842105263,2.421052632,6.178571429,5.466666667,6.285714286,66.83031638,30.08451238,4.251202865452001,3.363803438,5.816021672000001,10.75411765,18.10526316,8.052631579
85,4,b094_FreedomWalkers.txt,1,0,1.380062305,19.875,0.182389937,4.610062893,0.097484277,0.750778816,0.1875,1.875,2.75,2.375,1.1875,0.375,0.8125,1.0625,2.8125,6.272727272999999,5.5,4.578947368,69.90860397,31.65089623,3.865737105230001,3.312224722,8.022955975,9.817861635,23.75,11.875
86,4,b095_CathedralTheStoryofItsConstruction.txt,1,0,1.387417219,17.76470588,0.238410596,4.678807947,0.072847682,0.701986755,0.117647059,0.882352941,2.647058824,2.352941176,0.529411765,0.117647059,0.41176470600000004,1.117647059,3.882352941,6.911111111,6.066666667000001,6.666666667,71.42832684,30.91953837,4.645632722488,3.2699030980000003,7.201246591,10.04516556,20.35294118,10.17647059
87,4,b096_TheBuildingofManhattan.txt,1,0,1.32231405,13.0,0.182186235,4.437246964,0.052631579000000005,0.73553719,0.10526315800000001,0.526315789,2.0,1.947368421,0.263157895,0.10526315800000001,0.526315789,0.894736842,1.368421053,6.105263158,5.5,5.6,81.7722314,27.3994332,3.5215206506500003,3.229415734,5.272874494,8.014089069,14.36842105,6.184210526
88,4,b097_TheNumberDevilAMathematicalAdventure.txt,1,0,1.315533981,10.15,0.088669951,4.325123153,0.0591133,0.7766990290000001,0.2,0.65,1.7,1.0,0.55,0.1,0.45,0.85,1.0,3.4411764710000003,6.384615385,4.727272727,85.23857524,25.44633005,1.9035385262900002,3.24313227,4.09546798,6.71546798,11.35,4.675
89,4,b098_MathTrekAdventuresintheMathone.txt,1,0,1.4926686219999998,19.44444444,0.23714285699999998,4.788571429,0.13714285699999998,0.686217009,0.27777777800000003,1.7777777780000001,2.5,2.333333333,0.7222222220000001,0.333333333,0.5,0.611111111,3.0555555560000003,6.044444444,6.75,5.692307692000001,60.81912349,32.27639365,4.708930156254,3.37032804,7.872634921,10.83451429,24.77777778,12.38888889
90,4,b099_GeeksHowTwoLostBoysRodetheInternetoutofIdaho.txt,1,0,1.345528455,16.66666667,0.316,4.504,0.06,0.727642276,0.133333333,1.2,1.4,1.8666666669999998,0.666666667,0.26666666699999997,0.6,0.46666666700000003,2.5333333330000003,6.0,5.277777778,4.7,76.08662602,29.54717333,5.816306666832,3.2449489739999997,6.793066667000001,8.90752,18.66666667,8.333333332999999
93,4,b102_AstronomySpaceFromtheBigBangtotheBigCrunch.txt,1,0,1.4691629959999999,17.96296296,0.32577319600000004,4.616494845,0.094845361,0.656387665,0.037037037,1.703703704,1.7777777780000001,2.074074074,0.8888888890000001,0.222222222,0.62962963,0.592592593,2.444444444,6.479166667,6.804347826,4.541666667,64.31140317,30.7251722,6.034921727656001,3.30796974,7.3154944639999995,9.697154638999999,21.37037037,10.68518519
95,5,b105_TheOdyssey.txt,0,1,1.2123636359999999,27.79054054,0.11621687300000001,4.023097496,0.028446389,0.819393939,0.614864865,1.304054054,4.331081081000001,3.3986486489999996,1.986486486,0.7905405409999999,1.445945946,1.567567568,3.445945946,5.021840874,4.917098446000001,4.43877551,76.06163771,32.84405948,3.213475235454,3.168660575,11.16270297,6.79070265,29.37162162,14.68581081
96,5,b106_Metamorphoses.txt,0,1,1.193302892,16.3,0.122699387,4.1963190180000005,0.02607362,0.8340943679999999,0.35,0.8,2.75,1.5,0.875,0.325,0.675,0.9,2.5,5.3636363639999995,5.5625,4.457142857,89.33707534,27.91466258,2.74590332073,3.1614732780000003,6.569079755,7.058404907999999,17.15,7.575
97,5,b107_TheNose.txt,0,1,1.217920354,12.49295775,0.103720406,4.143179256,0.034949267,0.8296460179999999,0.19718309899999997,0.507042254,2.323943662,1.4366197180000002,0.887323944,0.29577464800000003,0.6478873239999999,0.5915492960000001,1.408450704,4.884848485,5.6111111110000005,5.349206349,91.11858594,25.76085317,2.25739591514,3.1869472310000004,5.038671261,6.192559188,13.36619718,5.683098592
98,5,b108_AMCandideOrTheOptimist.txt,0,1,1.419607843,24.41935484,0.19815059399999999,4.693527081,0.100396301,0.722875817,0.193548387,1.935483871,2.967741935,2.7096774189999997,1.4838709680000002,0.548387097,0.935483871,1.4193548390000001,4.225806452,6.141304347999999,6.516666667000001,6.130434782999999,61.95053131,34.31618997,4.339997879324,3.316853754,9.847002173,10.585786,29.32258065,14.66129032
99,5,b109_FathersandSons.txt,0,1,1.3287435459999999,19.86206897,0.166666667,4.381944444,0.078125,0.764199656,0.10344827599999999,1.3448275859999999,2.172413793,2.965517241,0.7241379309999999,0.448275862,0.8275862070000001,0.5862068970000001,3.379310345,6.126984127,5.256410256000001,5.761904762,74.26329604,30.56999282,3.616825292842,3.2795084969999997,8.011494253,8.475555556,22.96551724,11.48275862
100,5,b110_TheGiftoftheMagi.txt,0,1,1.262910798,14.1,0.130023641,4.174940898,0.063829787,0.816901408,0.066666667,1.3666666669999998,1.8666666669999998,1.6,0.933333333,0.2,0.833333333,0.666666667,2.0,5.160714286,6.195121951,4.8571428569999995,85.68124648,26.71397163,2.75243329139,3.2526455760000004,5.692009456,6.649361702,15.9,6.95
101,5,b111_TheMetamorphosis.txt,0,1,1.307936508,19.3125,0.158576052,4.343042071,0.048543689,0.746031746,0.25,1.625,3.0,2.4375,1.6875,0.3125,0.5625,0.8125,3.25,5.833333333,6.153846154,5.555555556,76.58138393,30.11197816,3.4618158610800003,3.220326325,7.788430421,8.204401294,21.1875,10.59375
102,5,b112_TheGrapesofWrath.txt,0,1,1.185064935,9.014925372999999,0.145695364,4.061258278,0.031456954,0.86038961,0.104477612,0.626865672,1.6268656719999999,0.9552238809999999,0.432835821,0.059701493,0.29850746300000003,0.328358209,1.23880597,4.825688073,5.333333333,5.413793103,97.42835724,23.63598918,2.7476700960607996,3.177361083,3.664248295,4.796754967,9.582089552000001,3.791044776
103,5,b113_Fahrenheit.txt,0,1,1.26520204,11.44594595,0.100354191,4.276662731,0.044077135,0.791683013,0.081081081,0.7387387390000001,1.824324324,1.157657658,1.018018018,0.256756757,0.45045045,0.603603604,1.635135135,5.565432099,5.853658537,4.8318584069999995,88.18127228,25.86605444,2.1523115950100005,3.2099455519999998,4.618520055,6.760708383,12.45495495,5.227477477
104,5,b114_IStandHereIroning.txt,0,1,1.266746055,12.74329502,0.11575466,4.123571858,0.046001203,0.7862459070000001,0.24521072800000002,0.831417625,2.030651341,1.122605364,1.011494253,0.229885057,0.655172414,0.8888888890000001,1.3639846740000001,5.281132075,5.557603687,4.65530303,86.73383927,25.79367096,2.459833514392,3.21447891,5.1436198719999995,6.123812387,13.91570881,5.957854406
105,5,b115_ThingsFallApart.txt,0,1,1.253373313,18.47222222,0.11879699199999999,4.29924812,0.048120301,0.8005996999999999,0.27777777800000003,1.388888889,2.444444444,1.7222222219999999,1.25,0.41666666700000005,1.277777778,1.083333333,2.75,5.375,5.38,4.844444444,82.05031214,29.48556976,2.7920267257919997,3.2193633989999997,7.436407686,7.877172932000001,20.25,10.125
106,5,b116_ToKillAMockingbird.txt,0,1,1.270767943,14.70716511,0.17390383399999998,4.3158229189999995,0.049777589000000004,0.788240218,0.127725857,0.8006230529999999,2.355140187,1.591900312,0.8566978190000001,0.32087227399999996,0.53271028,0.738317757,1.847352025,5.228835978999999,5.793774319,4.850909091,84.40025943,27.6811085,3.475416928316,3.2231089180000003,5.952427577000001,7.564414319,16.17133956,7.085669782
107,5,b117_TheKillerAngels.txt,0,1,1.310218978,7.828571429,0.204379562,4.2627737230000005,0.087591241,0.788321168,0.257142857,0.571428571,1.371428571,0.6571428570000001,0.6,0.228571429,0.085714286,0.457142857,0.8857142859999999,5.354166667,6.45,4.571428571,88.04447445,23.99194995,3.6154504268584,3.295958174,3.2131803960000003,5.484087591000001,9.2,3.6
108,5,b118_TheJoyLuckClub.txt,0,1,1.284444444,9.695652174,0.121076233,4.246636771,0.035874439,0.76,0.47826087,0.47826087,1.8260869569999998,0.6521739129999999,0.869565217,0.17391304300000002,0.347826087,0.695652174,0.956521739,5.023809524,4.6363636360000005,4.6,88.32991304,24.84948528,2.3926980669004,3.18940549,3.926691363,6.117309417,10.39130435,4.195652174
109,5,b119_IntheTimeoftheButterflies.txt,0,1,1.249169435,14.7,0.14285714300000002,4.24829932,0.040816327,0.794019934,0.1,0.95,2.0,1.7,0.85,0.3,0.35,0.55,2.9,5.425,5.210526316,4.058823529,86.23476578,27.3594898,2.9848342879700005,3.2020305089999996,5.937142857,7.1663945579999995,15.9,6.95
110,5,b120_TheBookThief.txt,0,1,1.213414634,8.333333332999999,0.135384615,4.378461538,0.030769231,0.826219512,0.102564103,0.35897435899999997,1.41025641,0.7692307690000001,0.794871795,0.153846154,0.23076923100000002,0.692307692,1.051282051,5.890909091,5.071428571,4.806451613,95.72178862,24.78922051,2.5510564041668005,3.1754116039999998,3.387487179,6.393353846,8.846153846,3.423076923
111,5,b121_SpeechtotheSecondVirginiaConvention.txt,1,0,1.322368421,15.58974359,0.15789473699999998,4.2327302630000005,0.074835526,0.78125,0.423076923,0.974358974,2.282051282,1.692307692,0.615384615,0.269230769,0.628205128,1.269230769,2.294871795,5.511235955,6.171052632,4.520833333,79.13904184,27.73103133,3.266409179294,3.273560827,6.299055331,7.189769737000001,17.92307692,7.961538462
112,5,b122_FarewellAddress.txt,1,0,1.579591837,22.22727273,0.290388548,4.760736196,0.17177914100000002,0.640816327,0.545454545,2.6818181819999998,2.772727273,2.5,1.636363636,0.681818182,0.8636363640000001,1.136363636,2.636363636,5.62295082,7.203389831,4.75,50.64084879,33.53670385,5.687707900328001,3.414462472,9.00706451,10.86143149,29.86363636,14.93181818
113,5,b123_GettysburgAddress.txt,1,0,1.324626866,23.81818182,0.15648855,4.320610687,0.076335878,0.77238806,1.0,1.9090909090000001,4.181818182,2.454545455,2.1818181819999998,0.9090909090000001,1.0909090909999999,1.363636364,3.3636363639999995,5.891304347999999,5.523809524,4.166666667,70.59611262,32.25916724,3.6523360227720003,3.2762894819999997,9.589868147,8.362442748,27.45454545,13.72727273
114,5,b124_SecondInauguralAddress.txt,1,0,1.378031384,22.51612903,0.184813754,4.5,0.09742120300000001,0.751783167,0.677419355,1.4193548390000001,3.806451613,2.870967742,1.193548387,0.7419354840000001,1.064516129,1.096774194,3.967741935,5.881355932000001,6.727272727000001,5.648648649,67.39967397,32.45306452,4.035009175548,3.312123699,9.080377114,9.345386819,26.90322581,13.4516129
115,5,b125_StateoftheUnionAddress.txt,1,0,1.55408971,15.58333333,0.23796791399999997,4.943850267,0.157754011,0.649076517,0.45833333299999995,1.8333333330000001,1.9583333330000001,2.375,0.375,0.291666667,0.5,0.666666667,2.625,5.617021277,6.477272727000001,8.111111111,59.54192722,31.07720143,4.530446695227999,3.3971825910000004,6.328520499,11.37037433,20.5,10.25
116,5,b126_IAmanAmericanDayAddress.txt,1,0,1.3043478259999999,21.73684211,0.079903148,4.13559322,0.075060533,0.7777777779999999,0.36842105299999994,0.947368421,2.578947368,1.947368421,1.263157895,0.7894736840000001,0.578947368,1.631578947,4.0,5.469387755,5.1111111110000005,4.375,74.42427918,30.34706512,2.339818075576,3.2739717739999996,8.726698101,7.155544794,25.0,12.5
117,5,b127_RemarkstotheSenatein.txt,1,0,1.551607445,20.18965517,0.241673783,4.7557643039999995,0.163962425,0.679357022,0.275862069,1.74137931,2.24137931,2.1896551719999997,1.0,0.810344828,0.810344828,1.4482758619999998,2.844827586,5.8307692310000006,7.277227722999999,5.7758620689999995,55.07651015,32.49447746,4.817435930002,3.40492274,8.172531582000001,10.69779675,26.81034483,13.40517241
118,5,b128_LetterfromBirminghamJail.txt,1,0,1.497747748,17.72,0.25507900699999997,4.751693002,0.126410835,0.686936937,0.36,1.32,2.24,2.16,1.56,0.6,0.6,1.0,2.2,5.678571429,7.575757576,5.333333333,62.13974054,31.24047404,4.906609520529999,3.355543015,7.1900316029999995,10.46952596,22.2,11.1
119,5,b129_IHaveaDreamAddress.txt,1,0,1.385604113,19.13580247,0.167741935,4.387741935,0.09483871,0.7429305909999999,0.617283951,1.4197530859999998,2.679012346,2.530864198,0.839506173,0.444444444,0.641975309,1.12345679,2.802469136,5.050691243999999,6.1652173910000005,4.882352941000001,70.19005252,30.23416575,3.5977809561620004,3.307958942,7.721417762000001,8.453083871,22.7654321,11.38271605
120,5,b130_IKnowWhytheCagedBirdSings.txt,1,0,1.2893772890000001,13.75,0.123636364,4.189090909,0.047272727,0.765567766,0.45,0.9,2.55,1.15,0.8,0.4,0.6,0.75,1.65,5.5882352939999995,5.777777778,4.1875,83.79743132,26.60561818,2.63421818756,3.217422923,5.549454545,6.679127273,15.05,6.525
121,5,b131_HopeDespairandMemory.txt,1,0,1.424242424,10.45714286,0.166666667,4.396174863,0.103825137,0.707988981,0.228571429,0.6571428570000001,1.714285714,0.571428571,0.6,0.257142857,0.428571429,0.857142857,1.7428571430000002,6.216666667,6.086956522,4.619047619,75.73009091,25.93455504,3.150340957786,3.3222190819999997,4.24952381,7.2189071039999995,12.62857143,5.3142857139999995
122,5,b132_AddresstoStudents.txt,1,0,1.5078125,21.36111111,0.20936280899999998,4.77373212,0.137841352,0.688802083,0.305555556,1.4444444440000002,2.583333333,2.75,0.75,0.333333333,1.111111111,1.083333333,3.75,5.451612902999999,6.923076922999999,6.074074073999999,57.59253472,33.16483384,4.365349865166,3.371269919,8.628189568,10.88384915,27.25,13.625
123,5,b133_AQuiltofaCountry.txt,1,0,1.46,19.46428571,0.253211009,4.7633027519999995,0.110091743,0.6927272729999999,0.071428571,1.678571429,1.607142857,2.5714285709999998,1.285714286,0.571428571,0.8214285709999999,1.142857143,3.0,6.622222222,6.553191489,5.083333333,63.56275,32.16729882,4.9636304033259995,3.331800758,7.8869986889999995,10.68748624,23.75,11.875
124,5,b134_BuryMyHeartatWoundedKnee.txt,1,0,1.4662379419999998,20.86666667,0.249201278,4.904153355,0.111821086,0.675241158,0.0,2.2,2.0,3.2,0.7333333329999999,0.26666666699999997,0.8666666670000001,0.666666667,3.133333333,7.0,5.757575758,5.181818182,61.61160343,33.53189563,4.969874846452,3.3343966,8.446347178,11.61789137,25.53333333,12.76666667
125,5,b135_SonoftheMorningStar.txt,1,0,1.483660131,19.125,0.18627451,4.767973856,0.133986928,0.679738562,0.3125,1.375,3.125,1.6875,1.0625,0.875,1.125,1.25,2.1875,6.58,7.0,6.176470588,61.90547794,32.01965686,3.8898745129,3.366042249,7.724509804,10.68797386,24.25,12.125
126,5,b136_TheStoryofArtthEdition.txt,1,0,1.3728223,20.35714286,0.19298245600000002,4.3684210530000005,0.080701754,0.724738676,0.5,1.357142857,3.428571429,2.357142857,1.357142857,0.857142857,0.7142857140000001,0.9285714290000001,3.0,5.583333333,6.684210526,5.842105263,70.03173345,30.75383459,4.056907266096001,3.284080542,8.220050125,8.432280702,23.64285714,11.82142857
127,5,b137_CodABiographyoftheFishThatChangedtheWorld.txt,1,0,1.404166667,17.84615385,0.254310345,4.892241379,0.090517241,0.716666667,0.153846154,2.8461538460000004,1.307692308,2.076923077,1.0,0.23076923100000002,0.846153846,1.230769231,2.923076923,5.4117647060000005,6.540540541,5.384615385,69.92865385,31.96553382,4.90072957851,3.300860834,7.240185676,11.30775862,21.07692308,10.53846154
128,5,b138_BlackBlue.txt,1,0,1.5027027030000002,23.3125,0.233243968,4.949061662,0.128686327,0.689189189,0.0625,2.0625,2.5,2.8125,0.75,0.375,1.0,1.0,3.875,6.925,6.545454545,5.666666667,56.04416385,34.96633043,4.83922225472,3.358728765,9.418297587,12.03077748,29.3125,14.65625
129,5,b139_TheLongitudePrie.txt,1,0,1.271047228,25.47368421,0.17768595,4.45661157,0.05785124,0.7967145790000001,0.21052631600000002,1.473684211,2.789473684,3.736842105,1.473684211,0.473684211,1.263157895,1.052631579,4.3684210530000005,5.7547169810000005,5.607142857,4.714285714,73.44861504,33.7274826,4.0691558873160005,3.240522846,10.26054806,9.242892562,28.42105263,14.21052632
131,5,b141_BeforeColumbus.txt,1,0,1.435797665,17.2,0.189922481,4.748062016,0.12403100800000001,0.7237354090000001,0.066666667,1.8666666669999998,1.4,1.9333333330000002,1.6666666669999999,0.46666666700000003,0.666666667,1.133333333,2.266666667,5.952380952,5.892857143,4.76,67.90851751,30.96337209,3.8519959749900003,3.352180363,6.955968992000001,10.39767442,21.46666667,10.73333333
132,5,b142_Elements.txt,1,0,1.3754227730000002,15.23214286,0.193434936,4.600234467,0.089097304,0.753100338,0.0,2.035714286,1.214285714,1.464285714,0.607142857,0.517857143,0.982142857,1.446428571,2.910714286,6.044117647,6.763157895,4.970588235,75.01360837,29.28317577,3.809851925296,3.298491715,6.170231117,9.306119577999999,17.94642857,7.973214286
133,5,b143_ClassifyingtheStars.txt,1,0,1.393822394,19.92307692,0.231660232,4.586872587,0.06949806900000001,0.67953668,0.23076923100000002,1.846153846,2.538461538,3.1538461539999996,0.846153846,0.384615385,0.384615385,1.153846154,3.1538461539999996,6.3636363639999995,6.041666667,4.454545455,68.69570241,31.56570835,4.646099678512,3.263624865,8.061894862,9.685096525,22.69230769,11.34615385
134,5,b144_AmusementParkPhysics.txt,1,0,1.461016949,18.4375,0.213559322,4.586440678,0.111864407,0.718644068,0.0,1.4375,1.5,2.4375,0.8125,0.4375,0.4375,1.125,3.8125,7.041666667,6.826086957,6.0,64.5189036,30.82088559,4.28660169438,3.334461368,7.4604237289999995,9.562847458,22.5625,11.28125
135,5,b145_TheHotoneATerrifyingTrueStory.txt,1,0,1.35559461,15.19642857,0.178613396,4.493537015,0.081081081,0.747510252,0.223214286,1.026785714,2.375,1.625,0.633928571,0.27678571399999996,0.705357143,0.9464285709999999,2.205357143,5.77443609,6.0,5.61971831,76.72732096,28.76277363,3.5740483799120004,3.2847473989999996,6.150016787,8.674171563,17.66071429,7.830357143
136,5,b146_LifebytheNumbers.txt,1,0,1.333333333,18.78571429,0.201520913,4.273764259,0.057034220999999996,0.737254902,0.9285714290000001,1.857142857,3.142857143,1.928571429,0.571428571,0.5,0.857142857,0.571428571,2.857142857,5.840909091,5.884615385,4.625,74.9675,29.522286800000003,4.113786645054,3.2388183839999996,7.5948940789999995,7.754068441,20.92857143,10.46428571
137,5,b147_TheRacetoSaveLordGodBird.txt,1,0,1.435643564,14.0,0.208333333,4.7380952380000005,0.125,0.7287128709999999,0.194444444,0.916666667,2.194444444,1.6944444440000002,0.805555556,0.25,0.5555555560000001,0.611111111,1.5277777780000001,5.82278481,5.878787879,4.517241379,71.16955446,29.31642857,3.98398332807,3.353553391,5.683333332999999,9.945714286,17.5,7.75
138,5,b148_TheStoryofScienceNewtonattheCenter.txt,1,0,1.410810811,19.0,0.205263158,4.221052632,0.089473684,0.772972973,0.5,1.1,2.7,2.6,0.5,0.5,0.6,1.3,2.4,4.851851852,7.0,4.2,68.19540541,29.38115789,4.18350526482,3.2991215210000004,7.6821052629999995,7.461894737000001,22.4,11.2
140,6,b151_TheCanterburyTales.txt,0,1,1.182890855,16.04761905,0.154302671,4.086053412,0.029673591000000003,0.84660767,0.14285714300000002,0.904761905,2.047619048,2.142857143,1.095238095,0.333333333,1.2380952379999999,0.7142857140000001,1.904761905,4.88372093,5.210526316,4.47826087,90.47410029,27.2691211,3.2324010799700003,3.172260241,6.480768687,6.38148368,17.0,7.5
141,6,b152_DonQuixote.txt,0,1,1.3117010820000001,39.49019608,0.177259186,4.258192651,0.06405163900000001,0.764011799,0.431372549,2.470588235,4.803921569,5.352941176,2.019607843,1.607843137,2.078431373,2.019607843,5.705882353,5.804081632999999,5.76984127,4.72815534,55.78253948,39.80118543,4.757636272508,3.253084252,15.86698211,8.488619662,44.54901961,22.2745098
142,6,b153_PrideandPrejudice.txt,0,1,1.2872467220000001,13.86885246,0.11702127699999999,4.003546098999999,0.057919622000000004,0.79022646,0.44262295100000004,1.049180328,1.967213115,1.295081967,0.8688524590000001,0.44262295100000004,0.491803279,1.081967213,1.590163934,5.0,5.71875,4.509433962,83.85704205,25.79112836,2.535661045846,3.240664957,5.594349493999999,5.606572104,15.47540984,6.7377049179999995
143,6,b154_TheCaskofAmontillado.txt,0,1,1.3810526319999998,11.63414634,0.19287211699999998,4.285115304,0.10062893099999999,0.7663157890000001,0.292682927,0.731707317,1.780487805,1.0243902440000001,0.585365854,0.31707317100000004,0.487804878,1.0731707320000001,1.414634146,5.917808218999999,6.066666667000001,5.25,78.18928883,25.99996625,3.6225043858939996,3.317220634,4.730807383999999,6.852243187000001,13.97560976,5.9878048779999995
144,6,b155_JaneEyre.txt,0,1,1.3281718279999999,19.0,0.18508356199999998,4.346969318999999,0.06535295599999999,0.761738262,0.232227488,1.4170616109999998,2.630331754,2.1374407580000003,1.213270142,0.393364929,0.9478672990000001,1.037914692,2.497630332,5.8,6.170568562000001,5.24609375,75.18666334,29.97422549,3.86486944398,3.255642242,7.674033425,8.202284859,21.48341232,10.74170616
145,6,b156_TheScarletLetter.txt,0,1,1.303541315,17.23529412,0.160409556,4.409556314,0.052901024000000005,0.760539629,0.352941176,1.117647059,2.7941176469999998,2.1176470590000003,1.411764706,0.41176470600000004,0.794117647,0.852941176,2.676470588,5.631578947,6.052631579,4.541666667,79.06158119,29.386657300000003,3.387737477592,3.2300022260000003,6.95828147,8.410784983,19.05882353,8.529411765
146,6,b157_CrimeandPunishment.txt,0,1,1.3700440530000002,19.65217391,0.174778761,4.415929203999999,0.08960177,0.7455947140000001,0.17391304300000002,1.52173913,2.347826087,2.52173913,1.47826087,0.543478261,0.891304348,1.326086957,2.760869565,6.194444444,6.128571429,6.014705882,70.98231661,30.62511351,3.734504462126,3.299335547,7.93078107,8.659469027,23.17391304,11.58695652
147,6,b158_AWhiteHeron.txt,0,1,1.2122788759999998,28.87878788,0.103882476,4.310598111,0.032528856,0.823100937,0.424242424,3.4242424239999996,3.727272727,2.878787879,2.636363636,0.727272727,2.03030303,1.0,4.424242424,5.430894309,5.123893805,4.666666667,74.96423738,34.74231104,3.072692174888,3.180357579,11.59306814,8.521343127,30.75757576,15.37878788
148,6,b159_BillyBuddSailor.txt,0,1,1.4824355969999998,23.5,0.290780142,4.754137116,0.127659574,0.702576112,0.055555556,2.833333333,2.277777778,3.5555555560000003,1.4444444440000002,0.611111111,0.666666667,1.0,4.055555556,7.048780487999999,6.941176471,6.346153846,57.56844848,34.14198582,5.7570184421800015,3.357294801,9.516312057,10.89475177,29.5,14.75
149,6,b160_Home.txt,0,1,1.332007952,14.01408451,0.152763819,4.4442211060000005,0.074371859,0.763419483,0.112676056,0.971830986,1.901408451,1.422535211,1.0,0.22535211300000002,0.76056338,1.042253521,2.028169014,5.896296296,6.31884058,4.718309859,79.92283146,27.93932366,3.107239293706,3.272712045,5.66673933,8.219859296000001,16.09859155,7.049295775
150,6,b161_TheGreatGatsby.txt,0,1,1.351636966,11.56594724,0.156126892,4.425876011000001,0.071946921,0.7476170740000001,0.057553957,0.829736211,1.70263789,1.4340527580000002,0.7793764990000001,0.23021582699999998,0.46522781799999996,0.5611510789999999,1.553956835,5.78028169,5.823699422000001,5.6369230770000005,80.74707619,26.62884963,3.0389146077839997,3.268229232,4.688829654,7.664913954,13.23021583,5.615107914
151,6,b162_AsILayDying.txt,0,1,1.254587156,16.69230769,0.126728111,4.218894009,0.041474654,0.7935779820000001,0.115384615,1.230769231,2.153846154,2.730769231,0.692307692,0.269230769,0.653846154,0.307692308,2.615384615,5.392857143,5.4375,5.1111111110000005,83.7542343,28.21714463,2.8289753341140003,3.20365327,6.727614321,7.233824885,18.07692308,8.038461538
154,6,b165_TheGardenofForkingPaths.txt,0,1,1.475,17.34782609,0.23057644100000002,4.5839599,0.127819549,0.71,0.39130434799999997,1.260869565,2.347826087,2.347826087,0.956521739,0.086956522,0.39130434799999997,0.565217391,3.3043478260000003,6.462962963,7.034482758999999,5.8636363639999995,64.44195652,30.26436417,4.501254177454001,3.3575185989999996,7.031361011,9.447418546,21.7826087,10.89130435
156,6,b167_TheBluestEye.txt,0,1,1.347931873,18.5,0.147420147,4.572481572,0.083538084,0.7639902679999999,0.13636363599999998,1.5909090909999999,2.6818181819999998,2.1818181819999998,1.772727273,0.22727272699999998,0.9090909090000001,0.8636363640000001,2.727272727,6.355932202999999,6.571428571,4.794871795,74.0224635,30.78638821,3.2453641211300006,3.289029555,7.458968059,9.486191646,21.59090909,10.79545455
157,6,b168_DreaminginCuban.txt,0,1,1.372881356,12.31578947,0.20085470100000002,4.581196581,0.068376068,0.724576271,0.052631579000000005,0.578947368,2.263157895,1.263157895,1.105263158,0.21052631600000002,0.6315789470000001,0.21052631600000002,1.5789473680000001,4.627906977,8.181818182,5.666666667,78.18871097,27.73533063,3.7823588865020006,3.26148818,5.00665767,8.734017094,14.0,6.0
158,6,b169_TheNamesake.txt,0,1,1.3877551019999999,17.17857143,0.207900208,4.5571725569999995,0.08731808699999999,0.736734694,0.214285714,0.9285714290000001,2.785714286,1.892857143,1.035714286,0.607142857,0.571428571,0.857142857,2.035714286,5.692307692000001,6.269230769,5.689655172,71.99466837,30.05356846,4.134801427248001,3.295496341,6.954588655,9.273097713,20.17857143,10.08928571
159,6,b170_CommonSense.txt,1,0,1.5,28.0,0.239795918,4.647959183999999,0.14285714300000002,0.698979592,1.285714286,2.285714286,4.428571429,3.285714286,1.285714286,0.857142857,1.0,1.0,5.0,5.451612902999999,6.75,6.1111111110000005,51.515,35.89188776,5.17517754522,3.377964473,11.29591837,10.47285714,36.0,18.0
160,6,b171_TheDeclarationofIndependence.txt,1,0,1.539230769,32.65,0.26569678399999996,4.945635528,0.153139357,0.670769231,0.3,2.3,4.1,5.175,1.05,0.5,1.475,1.65,4.925,7.2378048779999995,6.75,6.047619048,43.47632692,39.61894334,5.81479221936,3.39133024,13.16627871,12.37375191,42.65,21.325
161,6,b172_TheBillofRights.txt,1,0,1.492753623,22.95238095,0.26970954399999997,4.647302905,0.12033195,0.66873706,0.80952381,1.428571429,3.047619048,3.428571429,0.666666667,0.19047619,1.857142857,1.333333333,3.142857143,6.8125,6.733333332999999,7.071428571,57.25137681,33.36498716,5.397151794879999,3.3468889589999997,9.288836198,10.23651452,28.47619048,14.23809524
162,6,b173_Walden.txt,1,0,1.300418702,25.07964602,0.14890614,4.173253352,0.067395907,0.7878576409999999,0.407079646,1.575221239,3.4690265489999996,2.566371681,1.389380531,1.0088495579999999,1.82300885,1.460176991,3.4601769910000004,5.227040816000001,5.865168539,4.936305732,71.3637371,32.1958463,3.595178393192,3.259607216,10.09142086,7.558489767,28.46017699,14.2300885
163,6,b174_SocietyandSolitude.txt,1,0,1.394837476,18.12280702,0.20232333,4.3881897389999995,0.11035818,0.742829828,0.36842105299999994,1.438596491,2.350877193,1.98245614,0.859649123,0.543859649,1.01754386,1.087719298,2.526315789,5.111940299,5.743902439,4.367346939,70.4371004,29.72977718,4.0935766088920005,3.3322020169999997,7.330052139,8.369254598,22.12280702,11.06140351
164,6,b175_LeeSurrenderstoGrantAprilth.txt,1,0,1.359675785,23.595238100000003,0.171543895,4.3410696269999995,0.08678102900000001,0.749746707,0.404761905,1.166666667,3.880952381,2.595238095,1.380952381,0.69047619,0.7857142859999999,1.30952381,3.785714286,5.877300612999999,6.081632653,5.448275862000001,67.85726190000001,32.24405699,3.8790019118100005,3.2945862,9.506712796,8.470998991,27.69047619,13.8452381
165,6,b176_TheFallacyofSuccess.txt,1,0,1.3325554259999999,22.91891892,0.181603774,4.29245283,0.074292453,0.7666277709999999,0.810810811,1.7027027030000002,3.756756757,2.324324324,1.432432432,1.054054054,0.972972973,1.594594595,3.027027027,5.215827338,6.047619048,5.169811321,70.83810827,31.67691229,4.0043019698919995,3.272566419,9.240209077000001,8.148113208,26.32432432,13.16216216
166,6,b177_TheAmericanLanguagethEdition.txt,1,0,1.458815403,22.92857143,0.238836968,4.659051575,0.114399446,0.701260577,0.194444444,2.361111111,2.3968253969999997,2.797619048,1.5674603169999999,0.7222222220000001,1.23015873,1.285714286,3.142857143,6.013245033,6.391596638999999,5.349367088999999,60.14671689,33.40841863,4.908492867648,3.338229872,9.266963359,10.30425753,28.17460317,14.08730159
167,6,b178_BlackBoy.txt,1,0,1.3345323740000001,12.17391304,0.264285714,4.510714286,0.057142857000000005,0.7446043170000001,0.17391304300000002,0.39130434799999997,1.8260869569999998,0.869565217,0.52173913,0.347826087,0.434782609,0.7826086959999999,1.173913043,6.071428571,5.777777778,5.333333333,81.57703941,27.33242081,4.776897510844,3.2390457219999997,4.975279503,8.291571429,13.56521739,5.7826086960000005
168,6,b179_PoliticsandtheEnglishLanguage.txt,1,0,1.5032467530000002,22.70857143,0.25641670899999996,4.791394061,0.123804731,0.676823177,0.325714286,2.497142857,2.782857143,2.7885714289999997,1.44,0.685714286,0.92,1.4628571430000001,2.92,5.675564682,7.077803203999999,5.555555556,56.61112468,33.92175174,5.175164978038,3.351858964,9.185995255,11.06992451,28.33142857,14.16571429
169,6,b180_AbrahamLincolnandtheSelfMadeMyth.txt,1,0,1.5167785230000002,24.83333333,0.228187919,4.684563758,0.130872483,0.687919463,0.41666666700000005,2.083333333,3.166666667,3.25,0.916666667,0.583333333,1.083333333,2.333333333,3.25,5.921052632,7.16,4.909090909,53.30970358,34.48096197,4.834820574178,3.3617630210000002,10.024608500000001,10.55328859,31.33333333,15.66666667
170,6,b181_MotherTongue.txt,1,0,1.3359375,12.89655172,0.128342246,4.240641711,0.050802139,0.731770833,0.068965517,0.931034483,1.896551724,1.379310345,0.75862069,0.24137931,0.344827586,0.7241379309999999,1.5172413790000001,5.018181818,5.703703704,4.318181818,80.7246875,26.42169832,2.666193029652,3.225393299,5.209957588,6.839786096,14.20689655,6.103448276
171,6,b182_TaketheTortillasOutofYourPoetry.txt,1,0,1.279835391,18.61538462,0.123966942,4.090909091,0.05785124,0.7901234570000001,0.0,1.076923077,2.384615385,3.076923077,0.692307692,0.307692308,0.846153846,0.846153846,2.615384615,6.387096774,4.928571429,4.777777778,79.66631054,28.57587413,2.8807610913320003,3.240522846,7.495740623,6.66446281,20.76923077,10.38461538
172,6,b183_DemocracyinAmerica.txt,1,0,1.5521235519999999,34.53333333,0.277992278,4.8378378380000004,0.171814672,0.671814672,0.26666666699999997,3.4,3.4666666669999997,5.066666667,2.0,0.533333333,1.9333333330000002,2.0,6.266666667000001,7.134615385,6.725490196,5.5,40.47401416,40.05288288,6.102351402788,3.414505334,13.92453024,11.78934363,46.4,23.2
173,6,b184_DeclarationofSentimentsbytheSenecaFallsConference.txt,1,0,1.484590861,29.3125,0.219616205,4.6855010660000005,0.12686567199999998,0.678002125,0.28125,2.15625,3.875,4.1875,1.0,0.71875,1.15625,1.46875,4.625,6.653225806,6.811594202999999,5.28125,51.48642568,36.72496002,4.9216398769500005,3.3561820769999997,11.81284648,10.74093817,36.75,18.375
174,6,b185_WhattotheSlaveIstheFourthofJulyAnAddressDeliveredinRochesterNewYorkonJuly.txt,1,0,1.384762817,19.39252336,0.19710843399999997,4.459277108,0.097831325,0.740776234,0.551401869,1.2616822429999999,2.775700935,2.289719626,0.682242991,0.46728972,0.897196262,1.074766355,2.859813084,5.9225589229999995,6.4592592589999995,5.095890411,70.00065443,30.69945686,4.074211331516,3.312779995,7.835852719,8.894187952000001,23.18691589,11.59345794
175,6,b186_EditedbyDanielJBoorstin.txt,1,0,1.364095655,25.8,0.16818335,4.385574655,0.082912032,0.745705625,0.52173913,1.4,3.782608696,2.739130435,1.1652173909999999,1.27826087,0.7043478259999999,1.617391304,4.034782609,5.567816092,6.428571429,4.343283582,65.24550758,33.55605662,3.9352950965000004,3.287944495,10.38727334,8.839892147,30.07826087,15.03913043
176,6,b187_Education.txt,1,0,1.587431694,21.88235294,0.322580645,5.056451613,0.150537634,0.6092896170000001,0.0,2.411764706,2.470588235,2.470588235,1.176470588,0.588235294,0.9411764709999999,1.0,2.7058823530000002,6.857142857,7.3170731710000005,5.45,50.32769045,34.75706357,6.178913090374001,3.3879917969999997,8.881973435,12.57924731,28.47058824,14.23529412
177,6,b188_WhatTheyFoughtFor.txt,1,0,1.506666667,16.5,0.203463203,4.774891775,0.11255411300000001,0.64,0.35714285700000004,1.571428571,2.214285714,2.142857143,0.428571429,0.35714285700000004,0.571428571,0.7142857140000001,2.357142857,5.7741935479999995,6.045454545,3.333333333,62.6235,30.73974026,4.0310839753700005,3.335490853,6.681385281,10.48242424,20.21428571,10.10714286
178,6,b189_TheAmericanReaderWordsthatMovedaNationndEdition.txt,1,0,1.3496332519999998,15.51851852,0.207637232,4.527446301,0.076372315,0.745721271,0.074074074,0.518518519,1.888888889,2.296296296,0.481481481,0.296296296,0.5555555560000001,0.814814815,2.481481481,6.117647058999999,5.0,5.0,76.9047306,29.08353134,4.048310411872,3.2763554139999997,6.2904623,8.91398568,17.88888889,7.944444444
179,6,b190_AmericasConstitutionABiography.txt,1,0,1.5567765569999998,24.36363636,0.276119403,5.21641791,0.12686567199999998,0.648351648,0.545454545,2.636363636,3.545454545,3.0,1.454545455,0.727272727,0.636363636,0.545454545,3.454545455,6.871794872000001,5.448275862000001,5.875,50.40261239,36.75114654,5.5683617368260006,3.3561820769999997,9.855902307000001,13.65761194,30.54545455,15.27272727
180,6,b191_1776.txt,1,0,1.325,20.25,0.145061728,4.231481481,0.061728395,0.753125,0.1875,1.5625,2.125,2.9375,1.25,0.4375,0.5,1.8125,2.6875,6.558823529,5.44,4.35,74.18625,30.05527778,3.2949246851200003,3.248451997,8.158024691,7.6193827160000005,22.75,11.375
181,6,b192_MirroroftheWorldANewHistoryofArt.txt,1,0,1.528248588,22.125,0.296610169,5.04519774,0.144067797,0.6779661020000001,0.3125,2.3125,2.4375,3.9375,1.375,0.375,0.5625,0.875,2.75,6.384615385,7.351351351,6.0,55.08829449,34.82538136,5.780874568509999,3.379562639,8.968644068,12.5279096,28.5,14.25
182,6,b193_FedViewsbytheFederalReserveBankofSanFrancisco.txt,1,0,1.608208955,20.92307692,0.330882353,5.0367647060000005,0.16911764699999998,0.619402985,0.153846154,2.230769231,2.0,2.8461538460000004,0.923076923,0.307692308,0.846153846,1.076923077,3.1538461539999996,6.923076922999999,6.448275862000001,5.916666667,49.54359931,34.18470023,6.262416969102,3.41123916,8.50158371,12.40147059,28.0,14.0
183,6,b194_InnumeracyMathematicalIlliteracyandItsConsequences.txt,1,0,1.5347576530000002,20.30128205,0.23997474,4.777391853,0.133249132,0.6763392859999999,0.237179487,1.942307692,1.929487179,2.6217948719999997,1.487179487,0.5256410260000001,0.7692307690000001,1.173076923,2.8205128210000003,6.059800664,6.613861386,5.978448276,56.38870127,32.65215666,4.79614473428,3.365033056,8.216502716,10.8330281,25.71153846,12.85576923
184,6,b195_TheTippingPointHowLittleThingsCanMakeaBigDifference.txt,1,0,1.4166666669999999,17.53488372,0.17771883300000002,4.472148541,0.094164456,0.721311475,0.27906976699999997,1.441860465,2.023255814,1.906976744,1.162790698,0.441860465,0.511627907,0.953488372,2.744186047,5.597701149,6.5,6.0,69.18709302,29.83126149,3.6759106055820006,3.3068622760000004,7.085041022,8.808169761,20.837209299999998,10.41860465
185,6,b196_GravityinReverseTheTaleofAlbertEinsteinsGreatestBlunder.txt,1,0,1.597744361,21.66666667,0.292307692,4.969230769,0.16923076899999998,0.646616541,0.25,1.8333333330000001,3.083333333,2.5,1.5833333330000001,0.666666667,1.25,0.916666667,3.583333333,6.081081081000001,6.227272727000001,5.315789474,49.6741604,34.23841026,5.690205123512,3.411376676,8.783589744,12.05292308,29.0,14.5
186,6,b197_GoogleHacksTipsToolsforSmarterSearchingndEdition.txt,1,0,1.4005763690000002,17.35,0.244956772,4.6945244960000005,0.07204611,0.694524496,0.4,0.65,2.65,2.05,0.95,0.65,0.85,0.7,2.25,6.132075472,6.384615385,6.578947368,70.73598919,30.78621037,4.72842742988,3.268414064,7.037982709,10.09775216,19.85,8.925
187,6,b198_TheMysteriesofMass.txt,1,0,1.4915966390000002,15.86666667,0.268907563,4.697478992,0.117647059,0.68487395,0.333333333,1.466666667,2.333333333,1.6666666669999999,1.133333333,0.46666666700000003,0.26666666699999997,1.0,2.266666667,5.8,6.545454545,4.2352941180000006,64.5412577,30.05845938,5.033037086602,3.34299717,6.454229692,9.955630252,19.6,8.8
188,6,b199_WorkingKnowledgeElectronicStabilityControl.txt,1,0,1.59798995,21.77777778,0.321428571,5.137755102,0.137755102,0.603015075,0.222222222,1.5555555559999998,4.0,2.0,1.5555555559999998,0.222222222,0.444444444,1.111111111,2.777777778,6.25,5.5,5.1428571430000005,49.54060581,35.08771542,6.155534913978,3.371153744,8.83968254,13.05081633,27.77777778,13.88888889
189,6,b201_TheComingMergerofMindandMachine.txt,1,0,1.6626204930000001,19.35862069,0.33594585,5.179907374,0.19130744600000002,0.6226347729999999,0.5241379310000001,2.0068965519999997,2.786206897,2.475862069,0.9379310340000001,0.317241379,0.579310345,1.0,2.572413793,6.25,7.017182131,6.257352941000001,46.52830632,34.07667408,6.264772557724001,3.4373870660000003,7.877826616,13.12882081,26.76551724,13.38275862
190,6,b202_UntanglingtheRootsofCancer.txt,1,0,1.5765331980000001,19.31067961,0.339617898,4.979386626,0.158119658,0.640648758,0.315533981,1.912621359,2.4223300969999997,2.276699029,1.169902913,0.480582524,0.665048544,0.8543689320000001,2.699029126,6.400801603,6.520304568999999,5.676348547999999,53.85995163,33.10825082,6.320376318076,3.397642626,7.8601190039999995,11.945962800000002,25.41747573,12.70873786
191,6,b203_TheCostConundrumHealthCareCostsinMcAllenTexas.txt,1,0,1.4766272930000002,15.90983607,0.247552808,4.942684183,0.12184441,0.682080925,0.18032786899999997,1.31147541,2.06147541,1.692622951,0.8053278690000001,0.41598360700000003,0.641393443,0.838114754,1.9897540980000001,5.589463221,6.321875,5.20610687,65.76384738,31.23496054,4.697986707392,3.349062187,6.462955549,11.40249871,19.78688525,8.893442623
