,difficulty,sentences,syl_per_word,ws,ws_per_sents,not_easy_words,ttl_Chars,avg_wd_length,polysyls,monosyls,modals_per_sent,adj,verb,adp,adv,sconj,cconj,aux,det,avg_verb_length,avg_adj_length,avg_adv_length,flesch_score,ari_score,dale_score,SMOG,gunning_fog,CLI
0,1,57,1.170068027,441,7.736842105,0,1680,3.80952381,0.006802721,0.836734694,0.228070175,0.368421053,1.403508772,0.350877193,0.473684211,0.087719298,0.298245614,0.526315789,0.578947368,4.1625,4.333333333,3.666666667,99.99435016,21.8112782,0.383747368,3.08247861,3.094736842,2.77414966
1,1,77,1.120649652,433,5.623376623,0.041570439,1442,3.330254042,0,0.879350348,0.116883117,0.051948052,0.805194805,0.285714286,0.402597403,0.012987013,0.142857143,0.61038961,0.961038961,4.306451613,3.25,3.870967742,106.3203122,18.49718485,0.935316709,3,2.265978825,-1.481847575
2,1,147,1.010012516,776,5.278911565,0.039948454,2404,3.097938144,0,0.989987484,0.006802721,0.081632653,1.306122449,0.43537415,0.741496599,0,0.231292517,0,0.448979592,3.536458333,4.833333333,3.23853211,116.0298459,17.23074444,0.892620096,3,2.127544007,-3.191340206
3,1,25,1.015873016,126,5.04,0.031746032,385,3.055555556,0,0.984126984,0.32,0.16,1.08,0.28,0.56,0,0.04,0.52,0.44,3.814814815,4.5,3.214285714,115.7765429,16.91166667,0.751253841,3,2.028698413,-3.706349206
4,1,258,1.103081828,1882,7.294573643,0.013283741,7161,3.804994687,0.006907545,0.903825717,0.158914729,0.387596899,1.531007752,0.596899225,0.468992248,0.085271318,0.251937984,0.410852713,0.852713178,4.592405063,4.76,4.140495868,106.1102851,21.5688118,0.571561118,3.083111643,2.923142954,2.515557917
5,1,201,1.127744511,1495,7.437810945,0.012040134,5675,3.795986622,0.006020067,0.878243513,0.139303483,0.422885572,1.253731343,0.711442786,0.651741294,0.114427861,0.253731343,0.527363184,0.960199005,4.805555556,4.6,4.664122137,103.8784363,21.59800246,0.559029135,3.07758909,2.979940432,2.540735786
6,1,13,1.158536585,79,6.076923077,0.063291139,323,4.088607595,0,0.841463415,0,0.538461538,1.230769231,0.384615385,0,0,0.076923077,0.461538462,1,5.0625,5.571428571,0,102.654728,22.29580331,4.937282473,3,2.456085686,3.370126582
7,1,66,1.137214137,480,7.272727273,0.0125,1871,3.897916667,0.004166667,0.869022869,0.075757576,0.348484848,1,0.833333333,0.212121212,0.090909091,0.166666667,0.484848485,1.454545455,4.560606061,4.52173913,3.928571429,103.2448658,21.99555114,0.558102273,3.064549722,2.914090909,3.04975
8,1,37,1.129032258,310,8.378378378,0.022580645,1040,3.35483871,0.012903226,0.883870968,0.135135135,0.243243243,1.648648649,0.567567568,0.486486486,0.054054054,0.378378378,0.513513514,1.189189189,4.180327869,5.333333333,5.055555556,102.8148169,19.99047951,0.772115955,3.113592367,3.360383609,0.393548387
9,1,50,1.085294118,340,6.8,0.108823529,1309,3.85,0.011764706,0.926470588,0.04,0.54,0.86,0.62,0.36,0.08,0.32,0.42,1.24,4.279069767,5.518518519,4.444444444,108.1171176,21.5335,5.692103529,3.108465229,2.763529412,2.485058824
10,1,18,1.237864078,207,11.5,0.15942029,871,4.207729469,0.053140097,0.82038835,0.055555556,0.5,1.944444444,1.222222222,0.388888889,0.111111111,0.611111111,0.5,1.777777778,5.628571429,5.777777778,5.714285714,90.43919903,25.5684058,6.724146377,3.230521358,4.663768116,6.367536232
11,1,11,1.138888889,72,6.545454545,0.055555556,306,4.25,0.013888889,0.875,0.272727273,0.727272727,1.454545455,0.272727273,0.090909091,0,0.181818182,0.181818182,1.363636364,4.3125,5.125,4,103.8413636,23.29022727,4.838376768,3.11785113,2.64040404,4.667777778
12,1,14,1.214285714,70,5,0.028571429,268,3.828571429,0.042857143,0.842857143,0.285714286,0.071428571,1.142857143,0.357142857,0.357142857,0,0.071428571,0.357142857,0.642857143,4.1875,4,3.2,99.03142857,20.53257143,0.699142857,3.207019668,2.011428571,0.792
13,2,28,1.21969697,396,14.14285714,0.04040404,1492,3.767676768,0.037878788,0.830808081,0.321428571,0.571428571,2.857142857,0.821428571,1.214285714,0.214285714,0.857142857,0.821428571,1.964285714,3.95,6.125,4.705882353,89.29363636,24.81718615,1.339465512,3.194624736,5.673304473,4.261010101
14,2,65,1.13556338,575,8.846153846,0.073043478,2200,3.826086957,0.010434783,0.875,0.184615385,0.307692308,1.692307692,0.876923077,0.323076923,0.061538462,0.246153846,0.446153846,1.338461538,4.490909091,5.05,4.476190476,101.7874919,22.44394649,5.228625753,3.102150784,3.56767893,3.351304348
15,2,137,1.228002214,1808,13.19708029,0.117256637,7378,4.080752212,0.041482301,0.819590481,0.270072993,0.839416058,2.153284672,1.357664234,1.255474453,0.262773723,0.576642336,0.649635036,1.620437956,5.355932203,5.27826087,4.622093023,89.55097623,25.81888307,6.142557483,3.203672042,5.325734772,5.951902655
16,2,11,1.123188406,138,12.54545455,0.036231884,497,3.601449275,0.014492754,0.891304348,0.090909091,0.272727273,1.909090909,1.545454545,0.909090909,0.090909091,0.545454545,0.454545455,2,4.523809524,4.666666667,4.3,99.07962451,23.23555336,1.194355995,3.120385853,5.032674572,3.017101449
17,2,104,1.120943953,676,6.5,0.065088757,2550,3.772189349,0.00443787,0.883480826,0.086538462,0.259615385,1.278846154,0.625,0.278846154,0.153846154,0.259615385,0.346153846,1,4.744360902,5.148148148,4.448275862,105.4056416,21.01701183,4.986651479,3.066617339,2.626035503,1.826627219
18,2,1041,1.164559981,8399,8.06820365,0.095725682,33356,3.97142517,0.012858674,0.849391844,0.107588857,0.388088377,1.444764649,0.784822286,0.479346782,0.11431316,0.475504323,0.390009606,0.948126801,5.165558511,4.920792079,4.54509018,100.1239989,22.73951437,5.548191414,3.113396092,3.265571733,3.883257531
19,2,106,1.164215686,818,7.716981132,0.11002445,3334,4.075794621,0.009779951,0.845588235,0.113207547,0.396226415,1.547169811,0.613207547,0.613207547,0.094339623,0.490566038,0.216981132,0.679245283,5,4.904761905,4.523076923,100.5096171,23.05548323,5.756548328,3.098893635,3.130802233,4.32997555
20,2,86,1.149019608,772,8.976744186,0.03626943,3013,3.902849741,0.019430052,0.870588235,0.093023256,0.279069767,1.546511628,0.848837209,0.523255814,0.11627907,0.627906977,0.290697674,1.302325581,4.541353383,4.208333333,4.288888889,100.5165458,22.87079437,1.017940812,3.139391721,3.605205446,3.85134715
21,2,175,1.201853759,1938,11.07428571,0.094427245,7684,3.964912281,0.023219814,0.823377961,0.131428571,0.485714286,1.931428571,1.308571429,0.817142857,0.211428571,0.4,0.44,1.531428571,5.139053254,4.835294118,4.594405594,93.91777199,24.2118797,5.676790763,3.152380492,4.467485184,4.840825593
22,2,31,1.325358852,209,6.741935484,0.110047847,960,4.593301435,0.086124402,0.765550239,0.129032258,0.290322581,1.387096774,0.516129032,0.258064516,0.064516129,0.290322581,0.225806452,0.870967742,4.627906977,5.222222222,4.75,87.86657663,25.0054175,5.708555502,3.293469593,2.740793332,6.818181818
23,2,297,1.229773463,3085,10.38720539,0.099513776,12953,4.198703404,0.046677472,0.822006472,0.148148148,0.737373737,1.64983165,0.952861953,0.757575758,0.141414141,0.542087542,0.636363636,1.36026936,5.281632653,5.488584475,4.555555556,92.25315158,24.96949572,5.723027916,3.216049697,4.194687665,6.03871637
24,2,42,1.206467662,400,9.523809524,0.145,1711,4.2775,0.0125,0.813432836,0.119047619,0.547619048,1.476190476,1.071428571,0.333333333,0.214285714,0.238095238,0.523809524,1.5,5.516129032,5.739130435,5.642857143,95.10116915,24.90892976,6.398430952,3.111803399,3.86752381,6.2437
25,2,43,1.15018315,273,6.348837209,0.117216117,1030,3.772893773,0.010989011,0.860805861,0.046511628,0.209302326,1.023255814,0.348837209,0.488372093,0.046511628,0.139534884,0.395348837,0.953488372,4.454545455,5.666666667,3.857142857,103.0854357,20.94474827,5.802244816,3.104828484,2.586421331,1.722344322
26,2,27,1.249240122,327,12.11111111,0.143730887,1418,4.336391437,0.042813456,0.805471125,0.111111111,0.37037037,1.814814815,1.518518519,0.222222222,0.037037037,0.740740741,0.777777778,2,6.020408163,3.9,5.333333333,88.85650794,26.47995923,6.506721814,3.206914126,4.901936799,7.253944954
27,2,10,1.271317829,129,12.9,0.100775194,552,4.279069767,0.046511628,0.790697674,0.2,0.5,1.9,1.8,0.3,0.2,0.7,0.2,2.7,4.894736842,5.2,3.333333333,86.18801163,26.6044186,5.86758031,3.215665546,5.200310078,7.066356589
28,2,20,1.108843537,147,7.35,0.034013605,564,3.836734694,0.013605442,0.904761905,0.1,0.6,0.9,0.85,0.35,0.3,0.25,0.7,0.9,4.555555556,5,4.142857143,105.5665867,21.74602041,0.90163483,3.116642369,2.953605442,2.732789116
29,2,30,1.187943262,282,9.4,0.056737589,1104,3.914893617,0.028368794,0.84751773,0.166666667,0.533333333,1.433333333,1.1,0.5,0.2,0.366666667,0.166666667,1.7,4.720930233,5,4.6,96.794,23.13914894,4.998626525,3.168430384,3.782695035,4.070638298
30,2,16,1.268456376,152,9.5,0.111842105,613,4.032894737,0.032894737,0.765100671,0,0.625,0.6875,1.125,0.4375,0.25,0.1875,1.125,1,5.454545455,4.3,4,89.8810906,23.74493421,5.873686842,3.181369063,3.844736842,4.797631579
31,2,75,1.332925337,817,10.89333333,0.184822521,3724,4.558139535,0.082007344,0.755201958,0.133333333,0.786666667,1.266666667,0.76,0.333333333,0.226666667,0.28,1.12,1.386666667,4.736842105,5.050847458,4.76,83.01278319,26.91550388,7.095156947,3.286369244,4.431262342,8.284602203
32,2,19,1.22826087,276,14.52631579,0.126811594,1215,4.402173913,0.02173913,0.797101449,0.263157895,1.789473684,1.684210526,1.473684211,0.789473684,0.842105263,0.315789474,1.157894737,1.631578947,5.125,5.352941176,4,88.17991991,27.99739703,6.359360336,3.147441956,5.861250953,8.047101449
33,2,23,1.231060606,262,11.39130435,0.125954198,1135,4.332061069,0.011450382,0.78030303,0.173913043,0.608695652,1.913043478,1.304347826,0.869565217,0.304347826,0.260869565,0.304347826,1.565217391,4.818181818,5.428571429,5.05,91.12509881,26.09965981,6.19032549,3.107006456,4.606903419,7.074045802
34,2,20,1.221843003,287,14.35,0.104529617,1262,4.397212544,0.020905923,0.798634812,0.1,0.8,1.95,1.5,0.65,0.25,1.1,0.65,1.8,5.461538462,5.0625,3.846153846,88.90183191,27.88587108,5.998782648,3.144588808,5.781811847,7.992891986
35,2,28,1.159851301,267,9.535714286,0.074906367,1046,3.917602996,0.011235955,0.851301115,0.071428571,0.928571429,1.142857143,1,0.535714286,0.321428571,0.285714286,0.428571429,1.535714286,4.8125,5.153846154,3.666666667,99.03282993,23.21976726,5.292242964,3.105999788,3.844248261,4.131385768
36,3,1783,1.229181602,26298,14.74929893,0.097345806,107233,4.077610465,0.035097726,0.813153228,0.282669658,0.789680314,2.73247336,1.468311834,1.27201346,0.381379697,0.632080763,0.777341559,2.003365115,4.891009852,5.408380682,4.633156966,87.87569805,26.58019476,5.9051555,3.187343871,5.938657896,6.169474485
37,3,6454,1.210078931,80465,12.46746204,0.105934257,326256,4.054632449,0.030124899,0.826363332,0.211496746,0.795010846,2.242020452,1.086767896,0.933684537,0.385652309,0.611713666,0.82770375,1.31035017,4.910988252,5.415708439,4.759541985,91.80784843,25.33104985,5.927588037,3.173565259,5.029358518,5.667058721
38,3,25,1.242902208,320,12.8,0.153125,1361,4.253125,0.0375,0.80126183,0.12,0.92,1.68,1.44,1.28,0.16,0.24,0.48,1.84,5.952380952,4.739130435,5.15625,88.69347319,26.43221875,6.68922375,3.193649167,5.18125,6.895875
39,3,1568,1.250177936,16805,10.71747449,0.085867301,67910,4.041059209,0.048021422,0.808956109,0.198979592,0.723852041,1.56122449,0.96747449,0.785076531,0.270408163,0.34502551,0.81377551,1.540816327,5.182598039,5.971806167,4.567831032,90.19171001,24.39212612,5.523931424,3.219137907,4.321336716,5.199583457
40,3,24,1.269972452,363,15.125,0.096418733,1579,4.349862259,0.016528926,0.746556474,0.083333333,1.416666667,2.541666667,1.791666667,1.666666667,0.125,0.916666667,0.333333333,2.291666667,5.754098361,4.676470588,5.075,84.04345558,28.05035124,5.909151791,3.128564869,6.088567493,7.820165289
41,3,14,1.154255319,188,13.42857143,0.074468085,752,4,0.015957447,0.861702128,0.142857143,1.142857143,1.357142857,1.214285714,0.857142857,0.428571429,0.785714286,0.928571429,2.071428571,5.473684211,5.375,4.166666667,95.555,25.55428571,5.478408207,3.126322788,5.401215805,5.515744681
42,3,20,1.26848249,260,13,0.126923077,1135,4.365384615,0.046153846,0.782101167,0.1,0.95,2.1,1.9,0.4,0.3,0.2,0.6,1.75,5.976190476,5.684210526,5.25,86.32638132,27.06096154,6.285415385,3.214834462,5.250769231,7.591538462
43,3,26,1.219917012,238,9.153846154,0.151260504,1074,4.512605042,0.016806723,0.796680498,0.038461538,1,1.576923077,0.846153846,0.807692308,0.115384615,0.307692308,0.307692308,1.038461538,5.87804878,5.384615385,4.666666667,94.3388669,25.83129282,6.478934131,3.129640745,3.722042663,7.500504202
44,3,4066,1.181535621,53456,13.14707329,0.080439988,208486,3.900142173,0.020839569,0.842538522,0.195769798,0.715445155,2.270290212,1.243236596,0.940727988,0.309640925,0.525332022,0.954254796,1.606984752,4.876503087,5.031969749,4.223267974,93.53280704,24.94320628,5.558742246,3.144359167,5.291005311,4.881384316
45,3,378,1.257514389,4692,12.41269841,0.098678602,19535,4.163469736,0.039002558,0.787465359,0.227513228,0.706349206,2.060846561,1.156084656,0.772486772,0.261904762,0.478835979,0.605820106,1.814814815,5.193838254,5.258426966,4.640410959,87.85039378,25.81629166,5.810304965,3.197490652,5.004550806,6.296547315
46,3,38,1.273170732,412,10.84210526,0.216019417,1749,4.245145631,0.031553398,0.763414634,0.447368421,0.921052632,1.368421053,1.315789474,0.473684211,0.078947368,0.236842105,0.552631579,1.684210526,4.615384615,5.371428571,4.444444444,88.12001926,25.41568855,7.585215023,3.177632762,4.423249872,6.431359223
47,3,49,1.315789474,602,12.28571429,0.157807309,2684,4.458471761,0.071428571,0.759868421,0.06122449,0.836734694,1.571428571,1.510204082,0.551020408,0.265306122,0.448979592,0.714285714,1.897959184,5.922077922,4.87804878,4.740740741,83.04921053,27.14225914,6.737648837,3.267261242,4.977408638,8.006511628
48,3,55,1.314666667,750,13.63636364,0.128,3208,4.277333333,0.072,0.782666667,0.254545455,0.690909091,1.672727273,1.854545455,1.236363636,0.309090909,0.527272727,0.927272727,2.072727273,5.47826087,7.026315789,4.779411765,81.77329091,26.96442182,6.333983636,3.268328157,5.505745455,7.180053333
49,3,15,1.161849711,172,11.46666667,0.034883721,640,3.720930233,0.029069767,0.884393064,0.533333333,0.6,2.333333333,1.2,0.933333333,0.066666667,0.733333333,0.666666667,1.533333333,4.085714286,5.222222222,3.714285714,96.90384778,23.25891473,1.11956062,3.170498585,4.600620155,3.497674419
50,3,19,1.461139896,386,20.31578947,0.261658031,1962,5.082901554,0.119170984,0.694300518,0.157894737,2.631578947,2.578947368,1.894736842,1.052631579,0.421052632,1.315789474,1.105263158,2.421052632,6.142857143,6.08,4.85,62.60203845,34.09836106,8.775743469,3.345211507,8.230979002,12.63046632
51,3,15,1.40969163,228,15.2,0.192982456,1099,4.820175439,0.083333333,0.68722467,0.133333333,1.133333333,2.8,1.8,0.933333333,0.066666667,0.666666667,0.533333333,1.333333333,5.5,6.470588235,5.5,72.14708811,30.30302632,7.437612982,3.288675135,6.157192982,10.59526316
52,3,5,1.365217391,116,23.2,0.215517241,591,5.094827586,0.086206897,0.730434783,0,2.4,3,3.4,0.4,0.4,1,1.4,2.2,6.8,4.25,9,67.7896087,35.59663793,8.190237241,3.29361011,9.366206897,12.88172414
53,3,19,1.239043825,253,13.31578947,0.126482213,1051,4.154150198,0.055335968,0.820717131,0.105263158,1.052631579,1.368421053,1.473684211,0.684210526,0.210526316,0.631578947,1.052631579,1.947368421,4.269230769,4.6,4.769230769,88.49636611,26.22394217,6.294117308,3.235235984,5.376908675,6.403478261
54,3,29,1.403887689,456,15.72413793,0.217105263,2199,4.822368421,0.089912281,0.712742981,0.172413793,1.206896552,1.620689655,2.379310345,0.310344828,0.172413793,0.620689655,0.75862069,2.413793103,5.489361702,5.742857143,4.888888889,72.10610151,30.57542423,7.844509347,3.299853766,6.376497278,10.67307018
55,3,42,1.296795953,585,13.92857143,0.116239316,2651,4.531623932,0.046153846,0.757166948,0.119047619,1.547619048,1.738095238,1.119047619,0.833333333,0.19047619,0.952380952,0.714285714,1.904761905,5.767123288,5.584615385,5.028571429,82.98856239,28.30823443,6.162775946,3.214834462,5.617924298,8.720820513
56,3,20,1.402826855,273,13.65,0.212454212,1261,4.619047619,0.10989011,0.74204947,0.1,1.4,1.3,1.4,0.75,0.35,0.3,0.65,1.85,4.692307692,5.035714286,4.733333333,74.30109806,28.58071429,7.668192015,3.331496772,5.544981685,9.191501832
57,3,19,1.26146789,223,11.73684211,0.179372197,962,4.313901345,0.035874439,0.775229358,0.105263158,1,1.578947368,1.263157895,0.789473684,0.157894737,0.315789474,0.789473684,1.421052632,5.6,4.473684211,4.133333333,88.20192178,26.18689639,7.050934364,3.18940549,4.766485721,7.043766816
58,3,17,1.234042553,236,13.88235294,0.122881356,998,4.228813559,0.029661017,0.8,0.294117647,1,1.823529412,1.529411765,1.294117647,0.176470588,0.470588235,0.647058824,1.705882353,4.387096774,5.294117647,4.590909091,88.34441176,26.85888833,6.265361316,3.172223741,5.602093719,6.933220339
59,3,22,1.214285714,258,11.72727273,0.189922481,1071,4.151162791,0.031007752,0.817460317,0.227272727,0.818181818,1.909090909,1.045454545,0.409090909,0.181818182,0.181818182,0.727272727,1.181818182,4.880952381,4.722222222,4.444444444,92.20324675,25.41561311,7.217048696,3.176090181,4.766878083,6.084806202
60,3,76,1.242928453,604,7.947368421,0.114238411,2576,4.264900662,0.046357616,0.805324459,0.144736842,0.486842105,1.328947368,0.881578947,0.552631579,0.092105263,0.328947368,0.25,1.223684211,4.792079208,5.432432432,4.595238095,93.61667396,24.06136633,5.834513977,3.215308188,3.224642733,5.553112583
61,3,33,1.544270833,378,11.45454545,0.357142857,1920,5.079365079,0.137566138,0.640625,0.181818182,1.424242424,1.696969697,1.303030303,0.303030303,0,0.636363636,0.575757576,1.606060606,5.857142857,6.808510638,6.7,64.56332386,29.65108225,9.843931169,3.370899094,4.724675325,11.48253968
62,3,107,1.248281131,1313,12.27102804,0.11195735,5473,4.168316832,0.03960396,0.799847212,0.140186916,0.813084112,1.775700935,1.457943925,0.53271028,0.130841121,0.523364486,0.542056075,2.065420561,5.415789474,5.816091954,4.701754386,88.77532289,25.7682863,6.012949541,3.199007438,4.953194155,6.297517136
63,4,813,1.231715705,13091,16.10209102,0.110915896,53132,4.058666259,0.035444198,0.811004968,0.300123001,1.234932349,2.778597786,1.402214022,1.18696187,0.442804428,0.897908979,1.072570726,1.782287823,5.096060204,5.421314741,4.52746114,86.28822897,27.16736359,6.186525719,3.188266296,6.485202767,6.226687037
64,4,925,1.24869522,11881,12.84432432,0.144768959,49820,4.193249726,0.045955728,0.807969514,0.183783784,0.802162162,2.102702703,1.32972973,0.904864865,0.288648649,0.707027027,0.696216216,1.753513514,5.248329049,5.706199461,4.603345281,88.1583952,26.17236837,6.559480347,3.214372871,5.195637313,6.55178857
65,4,1014,1.24171937,9376,9.246548323,0.140251706,39289,4.190379693,0.039569113,0.808232394,0.147928994,0.556213018,1.722879684,0.872781065,0.693293886,0.202169625,0.32642998,0.538461538,1.013806706,4.615340584,5.540780142,4.763869132,92.40029477,24.35996251,6.309703242,3.198919865,3.754720012,5.638238055
66,4,15,1.264705882,304,20.26666667,0.134868421,1296,4.263157895,0.052631579,0.787581699,0.466666667,2,3,2.533333333,1.6,0.666666667,0.866666667,0.8,2.733333333,5.933333333,5.8,5.041666667,79.27021569,30.21280702,6.771299035,3.229415734,8.160614035,7.806842105
67,4,13,1.230188679,263,20.23076923,0.072243346,1044,3.969581749,0.02661597,0.796226415,0.538461538,0.923076923,2.692307692,2.615384615,1.384615385,0.230769231,0.615384615,1.076923077,3,5.342857143,4.333333333,4.833333333,82.22680697,28.81211465,5.780668587,3.163144015,8.121205031,6.078022814
68,4,1791,1.247788036,21123,11.79396985,0.123467311,88535,4.191402736,0.036784548,0.798422774,0.124511446,0.640982691,2.052484645,1.226689001,0.899497487,0.263539922,0.489112228,0.566722501,1.327191513,5.41702938,5.255226481,4.949099938,89.30125274,25.63849181,6.171029738,3.191792981,4.766974864,6.335690953
69,4,154,1.127694859,1214,7.883116883,0.087314662,4772,3.930807249,0.006589786,0.87893864,0.175324675,0.506493506,1.480519481,0.707792208,0.480519481,0.11038961,0.272727273,0.363636364,1.116883117,4.653508772,4.641025641,4,103.4306513,22.45566058,5.406201115,3.081177496,3.188172618,3.558286656
70,4,18,1.241486068,323,17.94444444,0.133126935,1325,4.102167183,0.043343653,0.808049536,0.166666667,1,2.5,1.722222222,1.388888889,0.555555556,0.555555556,1,3.111111111,5.666666667,6.777777778,4.68,83.59166753,28.29342965,6.628618748,3.208191386,7.231028552,6.67120743
71,4,89,1.16934801,1195,13.42696629,0.035983264,4705,3.937238494,0.020083682,0.851820491,0.146067416,0.775280899,2.280898876,1,1.191011236,0.550561798,0.876404494,0.516853933,1.494382022,3.798029557,4.84057971,4.132075472,94.27978755,25.25787645,1.23415326,3.141716908,5.385179822,5.146443515
72,4,13,1.236111111,284,21.84615385,0.13028169,1230,4.330985915,0.035211268,0.798611111,0.153846154,1.461538462,3.461538462,2.461538462,1,0.692307692,1.153846154,0.923076923,3.692307692,5.733333333,5.315789474,4.846153846,80.08615385,31.32202059,6.777217118,3.187646656,8.790574215,8.311267606
73,4,84,1.444511098,1679,19.98809524,0.227516379,7556,4.500297796,0.121500893,0.727054589,0.380952381,1.226190476,2.452380952,2.380952381,1.083333333,0.535714286,1.071428571,1.273809524,2.476190476,6.150485437,6.504854369,4.945054945,64.34144446,31.19045024,8.220393145,3.348569783,8.086244647,9.180869565
74,4,49,1.33192389,943,19.24489796,0.136797455,4009,4.251325557,0.071049841,0.763213531,0.285714286,1.326530612,2.734693878,2.591836735,1.12244898,0.571428571,0.632653061,1.020408163,2.775510204,5.679104478,6.630769231,4.618181818,74.62066747,29.64619235,6.751078752,3.26655176,7.752678166,7.659724284
75,4,36,1.42172524,631,17.52777778,0.191759113,2751,4.359746434,0.118858954,0.734824281,0.472222222,1.111111111,2.25,2.388888889,0.444444444,0.305555556,0.694444444,1.194444444,2.805555556,5.666666667,6.6,5.375,68.76635028,29.29829459,7.533754164,3.34475927,7.087814756,8.146561014
76,4,59,1.305418719,1008,17.08474576,0.14484127,4548,4.511904762,0.053571429,0.757635468,0.101694915,0.898305085,1.86440678,1.983050847,1,0.508474576,0.694915254,1.033898305,2.694915254,5.963636364,5.79245283,5.237288136,79.05555941,29.79344431,6.770947041,3.231455025,6.891834813,8.997460317
77,4,36,1.357274401,537,14.91666667,0.162011173,2325,4.329608939,0.074487896,0.747697974,0.25,1.222222222,2.055555556,1.444444444,1.055555556,0.333333333,0.75,1,2,5.432432432,6.113636364,4.210526316,76.86916897,27.85079143,6.934523091,3.272924707,6.031471136,7.673743017
78,4,4,1.656565657,99,24.75,0.343434343,505,5.101010101,0.181818182,0.565656566,0.25,1.25,3.75,3.25,0.75,0,2,0.25,4.25,7.266666667,6.4,6.666666667,41.56829545,36.40075758,10.28692828,3.426401433,10.03737374,12.9979798
79,4,154,1.302825308,2553,16.57792208,0.186055621,11213,4.39208774,0.05444575,0.760445682,0.019480519,1.103896104,1.876623377,1.961038961,1.298701299,0.318181818,0.461038961,0.844155844,2.409090909,6.076124567,5.329411765,4.86,79.789388,28.97569429,7.396583188,3.233336131,6.70559108,8.239968664
80,4,10,1.295081967,249,24.9,0.144578313,1052,4.224899598,0.052208835,0.766393443,0.1,2.5,2.7,2.8,1.3,0.4,1,2,4.1,5.296296296,6.4,3.846153846,71.99756557,32.34927711,7.154431566,3.228492528,10.01783133,7.853654618
81,4,14,1.496323529,269,19.21428571,0.200743494,1375,5.111524164,0.115241636,0.665441176,0.071428571,2.142857143,2,1.714285714,1.071428571,0.428571429,1.428571429,1.142857143,2.142857143,6.285714286,5.9,5.866666667,60.74352941,33.68242167,7.759268348,3.339472585,7.766011683,12.71524164
82,4,14,1.351449275,275,19.64285714,0.218181818,1251,4.549090909,0.054545455,0.713768116,0.285714286,1.714285714,2.071428571,1.785714286,1.142857143,0.571428571,0.357142857,1.071428571,3.285714286,5.620689655,6.375,5.5625,72.5648913,31.24764675,8.055876623,3.233549683,7.944415584,9.441745455
83,4,15,1.224913495,286,19.06666667,0.083916084,1228,4.293706294,0.041958042,0.816608997,0.133333333,1.266666667,3.8,2.133333333,1.466666667,0.266666667,0.866666667,0.666666667,2.266666667,5.01754386,4.842105263,5.772727273,83.85465167,29.75668998,5.907241632,3.204836623,7.6602331,7.894545455
84,4,19,1.483146067,272,14.31578947,0.224264706,1324,4.867647059,0.132352941,0.689138577,0.157894737,0.789473684,1.473684211,1.315789474,0.368421053,0.263157895,0.473684211,0.842105263,2.421052632,6.178571429,5.466666667,6.285714286,66.83031638,30.08451238,7.887702864,3.363803438,5.816021672,10.75411765
85,4,16,1.380062305,318,19.875,0.182389937,1466,4.610062893,0.097484277,0.750778816,0.1875,1.875,2.75,2.375,1.1875,0.375,0.8125,1.0625,2.8125,6.272727273,5.5,4.578947368,69.90860397,31.65089623,7.502237107,3.312224722,8.022955975,9.817861635
86,4,17,1.387417219,302,17.76470588,0.238410596,1413,4.678807947,0.072847682,0.701986755,0.117647059,0.882352941,2.647058824,2.352941176,0.529411765,0.117647059,0.411764706,1.117647059,3.882352941,6.911111111,6.066666667,6.666666667,71.42832684,30.91953837,8.282132723,3.269903098,7.201246591,10.04516556
87,4,19,1.32231405,247,13,0.182186235,1096,4.437246964,0.052631579,0.73553719,0.105263158,0.526315789,2,1.947368421,0.263157895,0.105263158,0.526315789,0.894736842,1.368421053,6.105263158,5.5,5.6,81.7722314,27.3994332,7.158020648,3.229415734,5.272874494,8.014089069
88,4,20,1.315533981,203,10.15,0.088669951,878,4.325123153,0.0591133,0.776699029,0.2,0.65,1.7,1,0.55,0.1,0.45,0.85,1,3.441176471,6.384615385,4.727272727,85.23857524,25.44633005,5.540038522,3.24313227,4.09546798,6.71546798
89,4,18,1.492668622,350,19.44444444,0.237142857,1676,4.788571429,0.137142857,0.686217009,0.277777778,1.777777778,2.5,2.333333333,0.722222222,0.333333333,0.5,0.611111111,3.055555556,6.044444444,6.75,5.692307692,60.81912349,32.27639365,8.345430159,3.37032804,7.872634921,10.83451429
90,4,15,1.345528455,250,16.66666667,0.316,1126,4.504,0.06,0.727642276,0.133333333,1.2,1.4,1.866666667,0.666666667,0.266666667,0.6,0.466666667,2.533333333,6,5.277777778,4.7,76.08662602,29.54717333,9.452806667,3.244948974,6.793066667,8.90752
91,4,14,1.567867036,362,25.85714286,0.256906077,1783,4.925414365,0.143646409,0.637119114,0.357142857,2.214285714,3.642857143,4.142857143,1.571428571,0.357142857,0.928571429,1.428571429,3.5,6.254901961,7.096774194,6.5,47.94844875,36.12727309,8.975561247,3.379007136,10.44561957,12.01668508
92,4,17,1.753424658,292,17.17647059,0.339041096,1575,5.393835616,0.229452055,0.592465753,0,1.411764706,1.647058824,2.588235294,0.352941176,0,1.352941176,0.352941176,2.411764706,6.714285714,7.375,5,41.06115633,33.99320105,9.841911845,3.479011539,7.006204674,14.19246575
93,4,27,1.469162996,485,17.96296296,0.325773196,2239,4.616494845,0.094845361,0.656387665,0.037037037,1.703703704,1.777777778,2.074074074,0.888888889,0.222222222,0.62962963,0.592592593,2.444444444,6.479166667,6.804347826,4.541666667,64.31140317,30.7251722,9.671421726,3.30796974,7.315494464,9.697154639
94,4,17,1.823151125,312,18.35294118,0.471153846,1799,5.766025641,0.224358974,0.511254019,0.294117647,3,2.705882353,1.647058824,0.764705882,0.705882353,0.764705882,0.882352941,1.764705882,7.434782609,6.333333333,6.461538462,33.9681795,36.33445136,11.98632511,3.473665467,7.529638009,16.49141026
95,5,148,1.212363636,4113,27.79054054,0.116216873,16547,4.023097496,0.028446389,0.819393939,0.614864865,1.304054054,4.331081081,3.398648649,1.986486486,0.790540541,1.445945946,1.567567568,3.445945946,5.021840874,4.917098446,4.43877551,76.06163771,32.84405948,6.849975241,3.168660575,11.16270297,6.79070265
96,5,40,1.193302892,652,16.3,0.122699387,2736,4.196319018,0.02607362,0.834094368,0.35,0.8,2.75,1.5,0.875,0.325,0.675,0.9,2.5,5.363636364,5.5625,4.457142857,89.33707534,27.91466258,6.382403313,3.161473278,6.569079755,7.058404908
97,5,71,1.217920354,887,12.49295775,0.103720406,3675,4.143179256,0.034949267,0.829646018,0.197183099,0.507042254,2.323943662,1.436619718,0.887323944,0.295774648,0.647887324,0.591549296,1.408450704,4.884848485,5.611111111,5.349206349,91.11858594,25.76085317,5.893895913,3.186947231,5.038671261,6.192559188
98,5,31,1.419607843,757,24.41935484,0.198150594,3553,4.693527081,0.100396301,0.722875817,0.193548387,1.935483871,2.967741935,2.709677419,1.483870968,0.548387097,0.935483871,1.419354839,4.225806452,6.141304348,6.516666667,6.130434783,61.95053131,34.31618997,7.976497886,3.316853754,9.847002173,10.585786
99,5,29,1.328743546,576,19.86206897,0.166666667,2524,4.381944444,0.078125,0.764199656,0.103448276,1.344827586,2.172413793,2.965517241,0.724137931,0.448275862,0.827586207,0.586206897,3.379310345,6.126984127,5.256410256,5.761904762,74.26329604,30.56999282,7.253325287,3.279508497,8.011494253,8.475555556
100,5,30,1.262910798,423,14.1,0.130023641,1766,4.174940898,0.063829787,0.816901408,0.066666667,1.366666667,1.866666667,1.6,0.933333333,0.2,0.833333333,0.666666667,2,5.160714286,6.195121951,4.857142857,85.68124648,26.71397163,6.388933286,3.252645576,5.692009456,6.649361702
101,5,16,1.307936508,309,19.3125,0.158576052,1342,4.343042071,0.048543689,0.746031746,0.25,1.625,3,2.4375,1.6875,0.3125,0.5625,0.8125,3.25,5.833333333,6.153846154,5.555555556,76.58138393,30.11197816,7.098315858,3.220326325,7.788430421,8.204401294
102,5,67,1.185064935,604,9.014925373,0.145695364,2453,4.061258278,0.031456954,0.86038961,0.104477612,0.626865672,1.626865672,0.955223881,0.432835821,0.059701493,0.298507463,0.328358209,1.23880597,4.825688073,5.333333333,5.413793103,97.42835724,23.63598918,6.3841701,3.177361083,3.664248295,4.796754967
103,5,222,1.26520204,2541,11.44594595,0.100354191,10867,4.276662731,0.044077135,0.791683013,0.081081081,0.738738739,1.824324324,1.157657658,1.018018018,0.256756757,0.45045045,0.603603604,1.635135135,5.565432099,5.853658537,4.831858407,88.18127228,25.86605444,5.788811599,3.209945552,4.618520055,6.760708383
104,5,261,1.266746055,3326,12.74329502,0.11575466,13715,4.123571858,0.046001203,0.786245907,0.245210728,0.831417625,2.030651341,1.122605364,1.011494253,0.229885057,0.655172414,0.888888889,1.363984674,5.281132075,5.557603687,4.65530303,86.73383927,25.79367096,6.096333518,3.21447891,5.143619872,6.123812387
105,5,36,1.253373313,665,18.47222222,0.118796992,2859,4.29924812,0.048120301,0.8005997,0.277777778,1.388888889,2.444444444,1.722222222,1.25,0.416666667,1.277777778,1.083333333,2.75,5.375,5.38,4.844444444,82.05031214,29.48556976,6.428526734,3.219363399,7.436407686,7.877172932
106,5,321,1.270767943,4721,14.70716511,0.173903834,20375,4.315822919,0.049777589,0.788240218,0.127725857,0.800623053,2.355140187,1.591900312,0.856697819,0.320872274,0.53271028,0.738317757,1.847352025,5.228835979,5.793774319,4.850909091,84.40025943,27.6811085,7.111916927,3.223108918,5.952427577,7.564414319
107,5,35,1.310218978,274,7.828571429,0.204379562,1168,4.262773723,0.087591241,0.788321168,0.257142857,0.571428571,1.371428571,0.657142857,0.6,0.228571429,0.085714286,0.457142857,0.885714286,5.354166667,6.45,4.571428571,88.04447445,23.99194995,7.251950428,3.295958174,3.213180396,5.484087591
108,5,23,1.284444444,223,9.695652174,0.121076233,947,4.246636771,0.035874439,0.76,0.47826087,0.47826087,1.826086957,0.652173913,0.869565217,0.173913043,0.347826087,0.695652174,0.956521739,5.023809524,4.636363636,4.6,88.32991304,24.84948528,6.02919807,3.18940549,3.926691363,6.117309417
109,5,20,1.249169435,294,14.7,0.142857143,1249,4.24829932,0.040816327,0.794019934,0.1,0.95,2,1.7,0.85,0.3,0.35,0.55,2.9,5.425,5.210526316,4.058823529,86.23476578,27.3594898,6.621334286,3.202030509,5.937142857,7.166394558
110,5,39,1.213414634,325,8.333333333,0.135384615,1423,4.378461538,0.030769231,0.826219512,0.102564103,0.358974359,1.41025641,0.769230769,0.794871795,0.153846154,0.230769231,0.692307692,1.051282051,5.890909091,5.071428571,4.806451613,95.72178862,24.78922051,6.18755641,3.175411604,3.387487179,6.393353846
111,5,78,1.322368421,1216,15.58974359,0.157894737,5147,4.232730263,0.074835526,0.78125,0.423076923,0.974358974,2.282051282,1.692307692,0.615384615,0.269230769,0.628205128,1.269230769,2.294871795,5.511235955,6.171052632,4.520833333,79.13904184,27.73103133,6.902909177,3.273560827,6.299055331,7.189769737
112,5,22,1.579591837,489,22.22727273,0.290388548,2328,4.760736196,0.171779141,0.640816327,0.545454545,2.681818182,2.772727273,2.5,1.636363636,0.681818182,0.863636364,1.136363636,2.636363636,5.62295082,7.203389831,4.75,50.64084879,33.53670385,9.324207901,3.414462472,9.00706451,10.86143149
113,5,11,1.324626866,262,23.81818182,0.15648855,1132,4.320610687,0.076335878,0.77238806,1,1.909090909,4.181818182,2.454545455,2.181818182,0.909090909,1.090909091,1.363636364,3.363636364,5.891304348,5.523809524,4.166666667,70.59611262,32.25916724,7.288836017,3.276289482,9.589868147,8.362442748
114,5,31,1.378031384,698,22.51612903,0.184813754,3141,4.5,0.097421203,0.751783167,0.677419355,1.419354839,3.806451613,2.870967742,1.193548387,0.741935484,1.064516129,1.096774194,3.967741935,5.881355932,6.727272727,5.648648649,67.39967397,32.45306452,7.671509169,3.312123699,9.080377114,9.345386819
115,5,24,1.55408971,374,15.58333333,0.237967914,1849,4.943850267,0.157754011,0.649076517,0.458333333,1.833333333,1.958333333,2.375,0.375,0.291666667,0.5,0.666666667,2.625,5.617021277,6.477272727,8.111111111,59.54192722,31.07720143,8.166946702,3.397182591,6.328520499,11.37037433
116,5,19,1.304347826,413,21.73684211,0.079903148,1708,4.13559322,0.075060533,0.777777778,0.368421053,0.947368421,2.578947368,1.947368421,1.263157895,0.789473684,0.578947368,1.631578947,4,5.469387755,5.111111111,4.375,74.42427918,30.34706512,5.976318071,3.273971774,8.726698101,7.155544794
117,5,58,1.551607445,1171,20.18965517,0.241673783,5569,4.755764304,0.163962425,0.679357022,0.275862069,1.74137931,2.24137931,2.189655172,1,0.810344828,0.810344828,1.448275862,2.844827586,5.830769231,7.277227723,5.775862069,55.07651015,32.49447746,8.453935932,3.40492274,8.172531582,10.69779675
118,5,25,1.497747748,443,17.72,0.255079007,2105,4.751693002,0.126410835,0.686936937,0.36,1.32,2.24,2.16,1.56,0.6,0.6,1,2.2,5.678571429,7.575757576,5.333333333,62.13974054,31.24047404,8.543109517,3.355543015,7.190031603,10.46952596
119,5,81,1.385604113,1550,19.13580247,0.167741935,6801,4.387741935,0.09483871,0.742930591,0.617283951,1.419753086,2.679012346,2.530864198,0.839506173,0.444444444,0.641975309,1.12345679,2.802469136,5.050691244,6.165217391,4.882352941,70.19005252,30.23416575,7.234280964,3.307958942,7.721417762,8.453083871
120,5,20,1.289377289,275,13.75,0.123636364,1152,4.189090909,0.047272727,0.765567766,0.45,0.9,2.55,1.15,0.8,0.4,0.6,0.75,1.65,5.588235294,5.777777778,4.1875,83.79743132,26.60561818,6.270718182,3.217422923,5.549454545,6.679127273
121,5,35,1.424242424,366,10.45714286,0.166666667,1609,4.396174863,0.103825137,0.707988981,0.228571429,0.657142857,1.714285714,0.571428571,0.6,0.257142857,0.428571429,0.857142857,1.742857143,6.216666667,6.086956522,4.619047619,75.73009091,25.93455504,6.786840952,3.322219082,4.24952381,7.218907104
122,5,36,1.5078125,769,21.36111111,0.209362809,3671,4.77373212,0.137841352,0.688802083,0.305555556,1.444444444,2.583333333,2.75,0.75,0.333333333,1.111111111,1.083333333,3.75,5.451612903,6.923076923,6.074074074,57.59253472,33.16483384,8.001849863,3.371269919,8.628189568,10.88384915
123,5,28,1.46,545,19.46428571,0.253211009,2596,4.763302752,0.110091743,0.692727273,0.071428571,1.678571429,1.607142857,2.571428571,1.285714286,0.571428571,0.821428571,1.142857143,3,6.622222222,6.553191489,5.083333333,63.56275,32.16729882,8.600130406,3.331800758,7.886998689,10.68748624
124,5,15,1.466237942,313,20.86666667,0.249201278,1535,4.904153355,0.111821086,0.675241158,0,2.2,2,3.2,0.733333333,0.266666667,0.866666667,0.666666667,3.133333333,7,5.757575758,5.181818182,61.61160343,33.53189563,8.606374846,3.3343966,8.446347178,11.61789137
125,5,16,1.483660131,306,19.125,0.18627451,1459,4.767973856,0.133986928,0.679738562,0.3125,1.375,3.125,1.6875,1.0625,0.875,1.125,1.25,2.1875,6.58,7,6.176470588,61.90547794,32.01965686,7.52637451,3.366042249,7.724509804,10.68797386
126,5,14,1.3728223,285,20.35714286,0.192982456,1245,4.368421053,0.080701754,0.724738676,0.5,1.357142857,3.428571429,2.357142857,1.357142857,0.857142857,0.714285714,0.928571429,3,5.583333333,6.684210526,5.842105263,70.03173345,30.75383459,7.693407268,3.284080542,8.220050125,8.432280702
127,5,13,1.404166667,232,17.84615385,0.254310345,1135,4.892241379,0.090517241,0.716666667,0.153846154,2.846153846,1.307692308,2.076923077,1,0.230769231,0.846153846,1.230769231,2.923076923,5.411764706,6.540540541,5.384615385,69.92865385,31.96553382,8.537229576,3.300860834,7.240185676,11.30775862
128,5,16,1.502702703,373,23.3125,0.233243968,1846,4.949061662,0.128686327,0.689189189,0.0625,2.0625,2.5,2.8125,0.75,0.375,1,1,3.875,6.925,6.545454545,5.666666667,56.04416385,34.96633043,8.475722252,3.358728765,9.418297587,12.03077748
129,5,19,1.271047228,484,25.47368421,0.17768595,2157,4.45661157,0.05785124,0.796714579,0.210526316,1.473684211,2.789473684,3.736842105,1.473684211,0.473684211,1.263157895,1.052631579,4.368421053,5.754716981,5.607142857,4.714285714,73.44861504,33.7274826,7.705655894,3.240522846,10.26054806,9.242892562
130,5,19,1.696741855,402,21.15789474,0.315920398,2065,5.13681592,0.2039801,0.591478697,0.368421053,2.421052632,2.578947368,2.736842105,0.789473684,0.578947368,0.684210526,1.157894737,2.684210526,6.836734694,7.304347826,5.8,41.81537594,34.77335035,9.674314664,3.451641561,8.589526054,13.00547264
131,5,15,1.435797665,258,17.2,0.189922481,1225,4.748062016,0.124031008,0.723735409,0.066666667,1.866666667,1.4,1.933333333,1.666666667,0.466666667,0.666666667,1.133333333,2.266666667,5.952380952,5.892857143,4.76,67.90851751,30.96337209,7.488495969,3.352180363,6.955968992,10.39767442
132,5,56,1.375422773,853,15.23214286,0.193434936,3924,4.600234467,0.089097304,0.753100338,0,2.035714286,1.214285714,1.464285714,0.607142857,0.517857143,0.982142857,1.446428571,2.910714286,6.044117647,6.763157895,4.970588235,75.01360837,29.28317577,7.446351918,3.298491715,6.170231117,9.306119578
133,5,13,1.393822394,259,19.92307692,0.231660232,1188,4.586872587,0.069498069,0.67953668,0.230769231,1.846153846,2.538461538,3.153846154,0.846153846,0.384615385,0.384615385,1.153846154,3.153846154,6.363636364,6.041666667,4.454545455,68.69570241,31.56570835,8.282599673,3.263624865,8.061894862,9.685096525
134,5,16,1.461016949,295,18.4375,0.213559322,1353,4.586440678,0.111864407,0.718644068,0,1.4375,1.5,2.4375,0.8125,0.4375,0.4375,1.125,3.8125,7.041666667,6.826086957,6,64.5189036,30.82088559,7.923101695,3.334461368,7.460423729,9.562847458
135,5,112,1.35559461,1702,15.19642857,0.178613396,7648,4.493537015,0.081081081,0.747510252,0.223214286,1.026785714,2.375,1.625,0.633928571,0.276785714,0.705357143,0.946428571,2.205357143,5.77443609,6,5.61971831,76.72732096,28.76277363,7.21054838,3.284747399,6.150016787,8.674171563
136,5,14,1.333333333,263,18.78571429,0.201520913,1124,4.273764259,0.057034221,0.737254902,0.928571429,1.857142857,3.142857143,1.928571429,0.571428571,0.5,0.857142857,0.571428571,2.857142857,5.840909091,5.884615385,4.625,74.9675,29.5222868,7.750286638,3.238818384,7.594894079,7.754068441
137,5,36,1.435643564,504,14,0.208333333,2388,4.738095238,0.125,0.728712871,0.194444444,0.916666667,2.194444444,1.694444444,0.805555556,0.25,0.555555556,0.611111111,1.527777778,5.82278481,5.878787879,4.517241379,71.16955446,29.31642857,7.620483333,3.353553391,5.683333333,9.945714286
138,5,10,1.410810811,190,19,0.205263158,802,4.221052632,0.089473684,0.772972973,0.5,1.1,2.7,2.6,0.5,0.5,0.6,1.3,2.4,4.851851852,7,4.2,68.19540541,29.38115789,7.820005263,3.299121521,7.682105263,7.461894737
139,5,12,1.614379085,305,25.41666667,0.308196721,1530,5.016393443,0.193442623,0.647058824,0,2.5,1.916666667,3.75,0.75,0.25,1,1.333333333,4.583333333,8.043478261,6.7,6,44.46061275,36.33554645,9.763592896,3.439821126,10.28994536,12.53180328
140,6,21,1.182890855,337,16.04761905,0.154302671,1377,4.086053412,0.029673591,0.84660767,0.142857143,0.904761905,2.047619048,2.142857143,1.095238095,0.333333333,1.238095238,0.714285714,1.904761905,4.88372093,5.210526316,4.47826087,90.47410029,27.2691211,6.868901074,3.172260241,6.480768687,6.38148368
141,6,51,1.311701082,2014,39.49019608,0.177259186,8576,4.258192651,0.064051639,0.764011799,0.431372549,2.470588235,4.803921569,5.352941176,2.019607843,1.607843137,2.078431373,2.019607843,5.705882353,5.804081633,5.76984127,4.72815534,55.78253948,39.80118543,8.394136268,3.253084252,15.86698211,8.488619662
142,6,61,1.287246722,846,13.86885246,0.117021277,3387,4.003546099,0.057919622,0.79022646,0.442622951,1.049180328,1.967213115,1.295081967,0.868852459,0.442622951,0.491803279,1.081967213,1.590163934,5,5.71875,4.509433962,83.85704205,25.79112836,6.172161039,3.240664957,5.594349494,5.606572104
143,6,41,1.381052632,477,11.63414634,0.192872117,2044,4.285115304,0.100628931,0.766315789,0.292682927,0.731707317,1.780487805,1.024390244,0.585365854,0.317073171,0.487804878,1.073170732,1.414634146,5.917808219,6.066666667,5.25,78.18928883,25.99996625,7.259004392,3.317220634,4.730807384,6.852243187
144,6,211,1.328171828,4009,19,0.185083562,17427,4.346969319,0.065352956,0.761738262,0.232227488,1.417061611,2.630331754,2.137440758,1.213270142,0.393364929,0.947867299,1.037914692,2.497630332,5.8,6.170568562,5.24609375,75.18666334,29.97422549,7.501369444,3.255642242,7.674033425,8.202284859
145,6,34,1.303541315,586,17.23529412,0.160409556,2584,4.409556314,0.052901024,0.760539629,0.352941176,1.117647059,2.794117647,2.117647059,1.411764706,0.411764706,0.794117647,0.852941176,2.676470588,5.631578947,6.052631579,4.541666667,79.06158119,29.3866573,7.024237482,3.230002226,6.95828147,8.410784983
146,6,46,1.370044053,904,19.65217391,0.174778761,3992,4.415929204,0.08960177,0.745594714,0.173913043,1.52173913,2.347826087,2.52173913,1.47826087,0.543478261,0.891304348,1.326086957,2.760869565,6.194444444,6.128571429,6.014705882,70.98231661,30.62511351,7.371004463,3.299335547,7.93078107,8.659469027
147,6,33,1.212278876,953,28.87878788,0.103882476,4108,4.310598111,0.032528856,0.823100937,0.424242424,3.424242424,3.727272727,2.878787879,2.636363636,0.727272727,2.03030303,1,4.424242424,5.430894309,5.123893805,4.666666667,74.96423738,34.74231104,6.709192181,3.180357579,11.59306814,8.521343127
148,6,18,1.482435597,423,23.5,0.290780142,2011,4.754137116,0.127659574,0.702576112,0.055555556,2.833333333,2.277777778,3.555555556,1.444444444,0.611111111,0.666666667,1,4.055555556,7.048780488,6.941176471,6.346153846,57.56844848,34.14198582,9.39351844,3.357294801,9.516312057,10.89475177
149,6,71,1.332007952,995,14.01408451,0.152763819,4422,4.444221106,0.074371859,0.763419483,0.112676056,0.971830986,1.901408451,1.422535211,1,0.225352113,0.76056338,1.042253521,2.028169014,5.896296296,6.31884058,4.718309859,79.92283146,27.93932366,6.743739295,3.272712045,5.66673933,8.219859296
150,6,417,1.351636966,4823,11.56594724,0.156126892,21346,4.425876011,0.071946921,0.747617074,0.057553957,0.829736211,1.70263789,1.434052758,0.779376499,0.230215827,0.465227818,0.561151079,1.553956835,5.78028169,5.823699422,5.636923077,80.74707619,26.62884963,6.675414608,3.268229232,4.688829654,7.664913954
151,6,26,1.254587156,434,16.69230769,0.126728111,1831,4.218894009,0.041474654,0.793577982,0.115384615,1.230769231,2.153846154,2.730769231,0.692307692,0.269230769,0.653846154,0.307692308,2.615384615,5.392857143,5.4375,5.111111111,83.7542343,28.21714463,6.465475328,3.20365327,6.727614321,7.233824885
152,6,697,1.208928835,6662,9.558106169,0.086910838,26888,4.036025218,0.037826479,0.832031826,0.144906743,0.558106169,1.522238164,0.932568149,0.583931133,0.147776184,0.490674319,0.647058824,1.321377331,4.911404336,5.167095116,4.714987715,94.85814284,23.78873186,5.482904191,3.194490304,3.858006803,4.834980486
153,6,190,1.159859977,1681,8.847368421,0.177275431,6749,4.0148721,0.018441404,0.862310385,0.094736842,0.478947368,1.631578947,0.726315789,0.542105263,0.184210526,0.284210526,0.378947368,0.873684211,4.616129032,5.010989011,4.427184466,99.73076703,23.3337318,6.874508534,3.135799131,3.609857541,4.461820345
154,6,23,1.475,399,17.34782609,0.230576441,1829,4.5839599,0.127819549,0.71,0.391304348,1.260869565,2.347826087,2.347826087,0.956521739,0.086956522,0.391304348,0.565217391,3.304347826,6.462962963,7.034482759,5.863636364,64.44195652,30.26436417,8.137754179,3.357518599,7.031361011,9.447418546
155,6,56,1.235294118,448,8,0.069196429,1833,4.091517857,0.03125,0.79956427,0.142857143,0.642857143,1.696428571,0.625,0.517857143,0.303571429,0.321428571,0.571428571,0.892857143,4.136842105,5.25,4.24137931,94.20911765,23.27104911,5.125911607,3.176776695,3.227678571,4.558125
156,6,22,1.347931873,407,18.5,0.147420147,1861,4.572481572,0.083538084,0.763990268,0.136363636,1.590909091,2.681818182,2.181818182,1.772727273,0.227272727,0.909090909,0.863636364,2.727272727,6.355932203,6.571428571,4.794871795,74.0224635,30.78638821,6.881864128,3.289029555,7.458968059,9.486191646
157,6,19,1.372881356,234,12.31578947,0.200854701,1072,4.581196581,0.068376068,0.724576271,0.052631579,0.578947368,2.263157895,1.263157895,1.105263158,0.210526316,0.631578947,0.210526316,1.578947368,4.627906977,8.181818182,5.666666667,78.18871097,27.73533063,7.418858884,3.26148818,5.00665767,8.734017094
158,6,28,1.387755102,481,17.17857143,0.207900208,2192,4.557172557,0.087318087,0.736734694,0.214285714,0.928571429,2.785714286,1.892857143,1.035714286,0.607142857,0.571428571,0.857142857,2.035714286,5.692307692,6.269230769,5.689655172,71.99466837,30.05356846,7.771301426,3.295496341,6.954588655,9.273097713
159,6,7,1.5,196,28,0.239795918,911,4.647959184,0.142857143,0.698979592,1.285714286,2.285714286,4.428571429,3.285714286,1.285714286,0.857142857,1,1,5,5.451612903,6.75,6.111111111,51.515,35.89188776,8.811677551,3.377964473,11.29591837,10.47285714
160,6,40,1.539230769,1306,32.65,0.265696784,6459,4.945635528,0.153139357,0.670769231,0.3,2.3,4.1,5.175,1.05,0.5,1.475,1.65,4.925,7.237804878,6.75,6.047619048,43.47632692,39.61894334,9.451292221,3.39133024,13.16627871,12.37375191
161,6,21,1.492753623,482,22.95238095,0.269709544,2240,4.647302905,0.12033195,0.66873706,0.80952381,1.428571429,3.047619048,3.428571429,0.666666667,0.19047619,1.857142857,1.333333333,3.142857143,6.8125,6.733333333,7.071428571,57.25137681,33.36498716,9.033651788,3.346888959,9.288836198,10.23651452
162,6,113,1.300418702,2834,25.07964602,0.14890614,11827,4.173253352,0.067395907,0.787857641,0.407079646,1.575221239,3.469026549,2.566371681,1.389380531,1.008849558,1.82300885,1.460176991,3.460176991,5.227040816,5.865168539,4.936305732,71.3637371,32.1958463,7.231678389,3.259607216,10.09142086,7.558489767
163,6,57,1.394837476,1033,18.12280702,0.20232333,4533,4.388189739,0.11035818,0.742829828,0.368421053,1.438596491,2.350877193,1.98245614,0.859649123,0.543859649,1.01754386,1.087719298,2.526315789,5.111940299,5.743902439,4.367346939,70.4371004,29.72977718,7.73007661,3.332202017,7.330052139,8.369254598
164,6,42,1.359675785,991,23.5952381,0.171543895,4302,4.341069627,0.086781029,0.749746707,0.404761905,1.166666667,3.880952381,2.595238095,1.380952381,0.69047619,0.785714286,1.30952381,3.785714286,5.877300613,6.081632653,5.448275862,67.8572619,32.24405699,7.515501912,3.2945862,9.506712796,8.470998991
165,6,37,1.332555426,848,22.91891892,0.181603774,3640,4.29245283,0.074292453,0.766627771,0.810810811,1.702702703,3.756756757,2.324324324,1.432432432,1.054054054,0.972972973,1.594594595,3.027027027,5.215827338,6.047619048,5.169811321,70.83810827,31.67691229,7.640801963,3.272566419,9.240209077,8.148113208
166,6,252,1.458815403,5778,22.92857143,0.238836968,26920,4.659051575,0.114399446,0.701260577,0.194444444,2.361111111,2.396825397,2.797619048,1.567460317,0.722222222,1.23015873,1.285714286,3.142857143,6.013245033,6.391596639,5.349367089,60.14671689,33.40841863,8.544992865,3.338229872,9.266963359,10.30425753
167,6,23,1.334532374,280,12.17391304,0.264285714,1263,4.510714286,0.057142857,0.744604317,0.173913043,0.391304348,1.826086957,0.869565217,0.52173913,0.347826087,0.434782609,0.782608696,1.173913043,6.071428571,5.777777778,5.333333333,81.57703941,27.33242081,8.413397516,3.239045722,4.975279503,8.291571429
168,6,175,1.503246753,3974,22.70857143,0.256416709,19041,4.791394061,0.123804731,0.676823177,0.325714286,2.497142857,2.782857143,2.788571429,1.44,0.685714286,0.92,1.462857143,2.92,5.675564682,7.077803204,5.555555556,56.61112468,33.92175174,8.811664972,3.351858964,9.185995255,11.06992451
169,6,12,1.516778523,298,24.83333333,0.228187919,1396,4.684563758,0.130872483,0.687919463,0.416666667,2.083333333,3.166666667,3.25,0.916666667,0.583333333,1.083333333,2.333333333,3.25,5.921052632,7.16,4.909090909,53.30970358,34.48096197,8.471320582,3.361763021,10.0246085,10.55328859
170,6,29,1.3359375,374,12.89655172,0.128342246,1586,4.240641711,0.050802139,0.731770833,0.068965517,0.931034483,1.896551724,1.379310345,0.75862069,0.24137931,0.344827586,0.724137931,1.517241379,5.018181818,5.703703704,4.318181818,80.7246875,26.42169832,6.30269303,3.225393299,5.209957588,6.839786096
171,6,13,1.279835391,242,18.61538462,0.123966942,990,4.090909091,0.05785124,0.790123457,0,1.076923077,2.384615385,3.076923077,0.692307692,0.307692308,0.846153846,0.846153846,2.615384615,6.387096774,4.928571429,4.777777778,79.66631054,28.57587413,6.517261093,3.240522846,7.495740623,6.66446281
172,6,15,1.552123552,518,34.53333333,0.277992278,2506,4.837837838,0.171814672,0.671814672,0.266666667,3.4,3.466666667,5.066666667,2,0.533333333,1.933333333,2,6.266666667,7.134615385,6.725490196,5.5,40.47401416,40.05288288,9.738851403,3.414505334,13.92453024,11.78934363
173,6,32,1.484590861,938,29.3125,0.219616205,4395,4.685501066,0.126865672,0.678002125,0.28125,2.15625,3.875,4.1875,1,0.71875,1.15625,1.46875,4.625,6.653225806,6.811594203,5.28125,51.48642568,36.72496002,8.558139872,3.356182077,11.81284648,10.74093817
174,6,107,1.384762817,2075,19.39252336,0.197108434,9253,4.459277108,0.097831325,0.740776234,0.551401869,1.261682243,2.775700935,2.289719626,0.682242991,0.46728972,0.897196262,1.074766355,2.859813084,5.922558923,6.459259259,5.095890411,70.00065443,30.69945686,7.710711328,3.312779995,7.835852719,8.894187952
175,6,115,1.364095655,2967,25.8,0.16818335,13012,4.385574655,0.082912032,0.745705625,0.52173913,1.4,3.782608696,2.739130435,1.165217391,1.27826087,0.704347826,1.617391304,4.034782609,5.567816092,6.428571429,4.343283582,65.24550758,33.55605662,7.571795099,3.287944495,10.38727334,8.839892147
176,6,17,1.587431694,372,21.88235294,0.322580645,1881,5.056451613,0.150537634,0.609289617,0,2.411764706,2.470588235,2.470588235,1.176470588,0.588235294,0.941176471,1,2.705882353,6.857142857,7.317073171,5.45,50.32769045,34.75706357,9.815413093,3.387991797,8.881973435,12.57924731
177,6,14,1.506666667,231,16.5,0.203463203,1103,4.774891775,0.112554113,0.64,0.357142857,1.571428571,2.214285714,2.142857143,0.428571429,0.357142857,0.571428571,0.714285714,2.357142857,5.774193548,6.045454545,3.333333333,62.6235,30.73974026,7.667583983,3.335490853,6.681385281,10.48242424
178,6,27,1.349633252,419,15.51851852,0.207637232,1897,4.527446301,0.076372315,0.745721271,0.074074074,0.518518519,1.888888889,2.296296296,0.481481481,0.296296296,0.555555556,0.814814815,2.481481481,6.117647059,5,5,76.9047306,29.08353134,7.684810404,3.276355414,6.2904623,8.91398568
179,6,11,1.556776557,268,24.36363636,0.276119403,1398,5.21641791,0.126865672,0.648351648,0.545454545,2.636363636,3.545454545,3,1.454545455,0.727272727,0.636363636,0.545454545,3.454545455,6.871794872,5.448275862,5.875,50.40261239,36.75114654,9.204861737,3.356182077,9.855902307,13.65761194
180,6,16,1.325,324,20.25,0.145061728,1371,4.231481481,0.061728395,0.753125,0.1875,1.5625,2.125,2.9375,1.25,0.4375,0.5,1.8125,2.6875,6.558823529,5.44,4.35,74.18625,30.05527778,6.931424691,3.248451997,8.158024691,7.619382716
181,6,16,1.528248588,354,22.125,0.296610169,1786,5.04519774,0.144067797,0.677966102,0.3125,2.3125,2.4375,3.9375,1.375,0.375,0.5625,0.875,2.75,6.384615385,7.351351351,6,55.08829449,34.82538136,9.417374576,3.379562639,8.968644068,12.5279096
182,6,13,1.608208955,272,20.92307692,0.330882353,1370,5.036764706,0.169117647,0.619402985,0.153846154,2.230769231,2,2.846153846,0.923076923,0.307692308,0.846153846,1.076923077,3.153846154,6.923076923,6.448275862,5.916666667,49.54359931,34.18470023,9.898916968,3.41123916,8.50158371,12.40147059
183,6,156,1.534757653,3167,20.30128205,0.23997474,15130,4.777391853,0.133249132,0.676339286,0.237179487,1.942307692,1.929487179,2.621794872,1.487179487,0.525641026,0.769230769,1.173076923,2.820512821,6.059800664,6.613861386,5.978448276,56.38870127,32.65215666,8.432644726,3.365033056,8.216502716,10.8330281
184,6,43,1.416666667,754,17.53488372,0.177718833,3372,4.472148541,0.094164456,0.721311475,0.279069767,1.441860465,2.023255814,1.906976744,1.162790698,0.441860465,0.511627907,0.953488372,2.744186047,5.597701149,6.5,6,69.18709302,29.83126149,7.312410604,3.306862276,7.085041022,8.808169761
185,6,12,1.597744361,260,21.66666667,0.292307692,1292,4.969230769,0.169230769,0.646616541,0.25,1.833333333,3.083333333,2.5,1.583333333,0.666666667,1.25,0.916666667,3.583333333,6.081081081,6.227272727,5.315789474,49.6741604,34.23841026,9.326705128,3.411376676,8.783589744,12.05292308
186,6,20,1.400576369,347,17.35,0.244956772,1629,4.694524496,0.07204611,0.694524496,0.4,0.65,2.65,2.05,0.95,0.65,0.85,0.7,2.25,6.132075472,6.384615385,6.578947368,70.73598919,30.78621037,8.364927435,3.268414064,7.037982709,10.09775216
187,6,15,1.491596639,238,15.86666667,0.268907563,1118,4.697478992,0.117647059,0.68487395,0.333333333,1.466666667,2.333333333,1.666666667,1.133333333,0.466666667,0.266666667,1,2.266666667,5.8,6.545454545,4.235294118,64.5412577,30.05845938,8.669537087,3.34299717,6.454229692,9.955630252
188,6,9,1.59798995,196,21.77777778,0.321428571,1007,5.137755102,0.137755102,0.603015075,0.222222222,1.555555556,4,2,1.555555556,0.222222222,0.444444444,1.111111111,2.777777778,6.25,5.5,5.142857143,49.54060581,35.08771542,9.792034921,3.371153744,8.83968254,13.05081633
189,6,145,1.662620493,2807,19.35862069,0.33594585,14540,5.179907374,0.191307446,0.622634773,0.524137931,2.006896552,2.786206897,2.475862069,0.937931034,0.317241379,0.579310345,1,2.572413793,6.25,7.017182131,6.257352941,46.52830632,34.07667408,9.901272552,3.437387066,7.877826616,13.12882081
190,6,206,1.576533198,3978,19.31067961,0.339617898,19808,4.979386626,0.158119658,0.640648758,0.315533981,1.912621359,2.422330097,2.276699029,1.169902913,0.480582524,0.665048544,0.854368932,2.699029126,6.400801603,6.520304569,5.676348548,53.85995163,33.10825082,9.956876325,3.397642626,7.860119004,11.9459628
191,6,488,1.476627293,7764,15.90983607,0.247552808,38375,4.942684183,0.12184441,0.682080925,0.180327869,1.31147541,2.06147541,1.692622951,0.805327869,0.415983607,0.641393443,0.838114754,1.989754098,5.589463221,6.321875,5.20610687,65.76384738,31.23496054,8.334486705,3.349062187,6.462955549,11.40249871
